<?xml version="1.0" encoding="UTF-8"?>
<kml xmlns="http://www.opengis.net/kml/2.2">
  <Document>
    <name>Zonificación por Parques</name>
    <description>Zona del término municipal cubierta por cada uno de los Parques de Bomberos de la ciudad de València</description>
    <Style id="icon-1899-0288D1-labelson">
      <IconStyle>
        <color>ffd18802</color>
        <scale>1</scale>
        <Icon>
          <href>https://www.gstatic.com/mapspro/images/stock/503-wht-blank_maps.png</href>
        </Icon>
        <hotSpot x="32" xunits="pixels" y="64" yunits="insetPixels"/>
      </IconStyle>
    </Style>
    <Style id="icon-1899-0288D1-labelson-nodesc">
      <IconStyle>
        <color>ffd18802</color>
        <scale>1</scale>
        <Icon>
          <href>https://www.gstatic.com/mapspro/images/stock/503-wht-blank_maps.png</href>
        </Icon>
        <hotSpot x="32" xunits="pixels" y="64" yunits="insetPixels"/>
      </IconStyle>
      <BalloonStyle>
        <text><![CDATA[<h3>$[name]</h3>]]></text>
      </BalloonStyle>
    </Style>
    <Style id="icon-1899-097138-labelson-nodesc">
      <IconStyle>
        <color>ff387109</color>
        <scale>1</scale>
        <Icon>
          <href>https://www.gstatic.com/mapspro/images/stock/503-wht-blank_maps.png</href>
        </Icon>
        <hotSpot x="32" xunits="pixels" y="64" yunits="insetPixels"/>
      </IconStyle>
      <BalloonStyle>
        <text><![CDATA[<h3>$[name]</h3>]]></text>
      </BalloonStyle>
    </Style>
    <Style id="icon-1899-1A237E-labelson-nodesc">
      <IconStyle>
        <color>ff7e231a</color>
        <scale>1</scale>
        <Icon>
          <href>https://www.gstatic.com/mapspro/images/stock/503-wht-blank_maps.png</href>
        </Icon>
        <hotSpot x="32" xunits="pixels" y="64" yunits="insetPixels"/>
      </IconStyle>
      <BalloonStyle>
        <text><![CDATA[<h3>$[name]</h3>]]></text>
      </BalloonStyle>
    </Style>
    <Style id="icon-1899-757575-labelson-nodesc">
      <IconStyle>
        <color>ff757575</color>
        <scale>1</scale>
        <Icon>
          <href>https://www.gstatic.com/mapspro/images/stock/503-wht-blank_maps.png</href>
        </Icon>
        <hotSpot x="32" xunits="pixels" y="64" yunits="insetPixels"/>
      </IconStyle>
      <BalloonStyle>
        <text><![CDATA[<h3>$[name]</h3>]]></text>
      </BalloonStyle>
    </Style>
    <Style id="icon-1899-795548-labelson">
      <IconStyle>
        <color>ff485579</color>
        <scale>1</scale>
        <Icon>
          <href>https://www.gstatic.com/mapspro/images/stock/503-wht-blank_maps.png</href>
        </Icon>
        <hotSpot x="32" xunits="pixels" y="64" yunits="insetPixels"/>
      </IconStyle>
    </Style>
    <Style id="icon-1899-7CB342-labelson-nodesc">
      <IconStyle>
        <color>ff42b37c</color>
        <scale>1</scale>
        <Icon>
          <href>https://www.gstatic.com/mapspro/images/stock/503-wht-blank_maps.png</href>
        </Icon>
        <hotSpot x="32" xunits="pixels" y="64" yunits="insetPixels"/>
      </IconStyle>
      <BalloonStyle>
        <text><![CDATA[<h3>$[name]</h3>]]></text>
      </BalloonStyle>
    </Style>
    <Style id="icon-1899-880E4F-labelson">
      <IconStyle>
        <color>ff4f0e88</color>
        <scale>1</scale>
        <Icon>
          <href>https://www.gstatic.com/mapspro/images/stock/503-wht-blank_maps.png</href>
        </Icon>
        <hotSpot x="32" xunits="pixels" y="64" yunits="insetPixels"/>
      </IconStyle>
    </Style>
    <Style id="icon-1899-A52714-labelson-nodesc">
      <IconStyle>
        <color>ff1427a5</color>
        <scale>1</scale>
        <Icon>
          <href>https://www.gstatic.com/mapspro/images/stock/503-wht-blank_maps.png</href>
        </Icon>
        <hotSpot x="32" xunits="pixels" y="64" yunits="insetPixels"/>
      </IconStyle>
      <BalloonStyle>
        <text><![CDATA[<h3>$[name]</h3>]]></text>
      </BalloonStyle>
    </Style>
    <Style id="icon-1899-AFB42B-labelson">
      <IconStyle>
        <color>ff2bb4af</color>
        <scale>1</scale>
        <Icon>
          <href>https://www.gstatic.com/mapspro/images/stock/503-wht-blank_maps.png</href>
        </Icon>
        <hotSpot x="32" xunits="pixels" y="64" yunits="insetPixels"/>
      </IconStyle>
    </Style>
    <Style id="icon-1899-F9A825-labelson">
      <IconStyle>
        <color>ff25a8f9</color>
        <scale>1</scale>
        <Icon>
          <href>https://www.gstatic.com/mapspro/images/stock/503-wht-blank_maps.png</href>
        </Icon>
        <hotSpot x="32" xunits="pixels" y="64" yunits="insetPixels"/>
      </IconStyle>
    </Style>
    <Folder>
      <name>Zonificació Bombers València</name>
      <Placemark>
        <name>Zona Campanar (Oeste)</name>
        <description><![CDATA[descripción: Parque: Campanar<br>Coopera: Oeste<br>Parque: Campanar<br>Coopera: Oeste<br>CaseTypeID: 1104<br>CTypeArea: BMV-CAM3<br>AreaName: Campanar (Oeste)]]></description>
        <styleUrl>#icon-1899-880E4F-labelson</styleUrl>
        <ExtendedData>
          <Data name="descripción">
            <value>Parque: Campanar
Coopera: Oeste</value>
          </Data>
          <Data name="Parque">
            <value>Campanar</value>
          </Data>
          <Data name="Coopera">
            <value>Oeste</value>
          </Data>
          <Data name="CaseTypeID">
            <value>1104</value>
          </Data>
          <Data name="CTypeArea">
            <value>BMV-CAM3</value>
          </Data>
          <Data name="AreaName">
            <value>Campanar (Oeste)</value>
          </Data>
        </ExtendedData>
        <MultiGeometry>
          <Point>
            <coordinates>
              -0.40837,39.490371,0
            </coordinates>
          </Point>
          <Polygon>
            <outerBoundaryIs>
              <LinearRing>
                <tessellate>1</tessellate>
                <coordinates>
                  -0.412619,39.498002,0
                  -0.412268,39.498697,0
                  -0.411779,39.49965,0
                  -0.411541,39.500104,0
                  -0.411468,39.500498,0
                  -0.411597,39.500799,0
                  -0.41225,39.501354,0
                  -0.412943,39.501811,0
                  -0.413056,39.501894,0
                  -0.414468,39.502709,0
                  -0.414957,39.503009,0
                  -0.416544,39.503783,0
                  -0.417445,39.504271,0
                  -0.417593,39.504364,0
                  -0.419184,39.505039,0
                  -0.422676,39.506838,0
                  -0.423325,39.50723,0
                  -0.427398,39.506528,0
                  -0.430887,39.505569,0
                  -0.430332,39.500115,0
                  -0.430161,39.499715,0
                  -0.429483,39.498871,0
                  -0.429202,39.498289,0
                  -0.428714,39.497314,0
                  -0.428056,39.496552,0
                  -0.427989,39.496478,0
                  -0.426635,39.494421,0
                  -0.426515,39.494211,0
                  -0.424765,39.491218,0
                  -0.425764,39.490312,0
                  -0.425045,39.489629,0
                  -0.424927,39.489365,0
                  -0.424936,39.489122,0
                  -0.425049,39.488891,0
                  -0.425395,39.488637,0
                  -0.426071,39.487958,0
                  -0.425174,39.487695,0
                  -0.422088,39.485942,0
                  -0.419686,39.484565,0
                  -0.416072,39.482953,0
                  -0.414736,39.482617,0
                  -0.412794,39.482321,0
                  -0.411323,39.481856,0
                  -0.410428,39.481539,0
                  -0.410281,39.481419,0
                  -0.41047,39.481035,0
                  -0.411567,39.479979,0
                  -0.412511,39.479288,0
                  -0.413231,39.478908,0
                  -0.41305,39.478648,0
                  -0.412964,39.478515,0
                  -0.412728,39.47835,0
                  -0.412529,39.478176,0
                  -0.412425,39.478038,0
                  -0.412353,39.477534,0
                  -0.412177,39.477371,0
                  -0.411936,39.477182,0
                  -0.411688,39.476665,0
                  -0.411487,39.476205,0
                  -0.411269,39.476041,0
                  -0.410904,39.47592,0
                  -0.410486,39.475765,0
                  -0.410223,39.475675,0
                  -0.410249,39.474967,0
                  -0.410117,39.47479,0
                  -0.40984,39.474573,0
                  -0.409314,39.474232,0
                  -0.409088,39.474101,0
                  -0.408856,39.474006,0
                  -0.408485,39.473881,0
                  -0.408016,39.473772,0
                  -0.407488,39.473661,0
                  -0.407151,39.473602,0
                  -0.407019,39.473548,0
                  -0.406992,39.473512,0
                  -0.406444,39.473634,0
                  -0.405492,39.473828,0
                  -0.402384,39.474482,0
                  -0.400468,39.474886,0
                  -0.399026,39.475196,0
                  -0.397764,39.475455,0
                  -0.396901,39.475637,0
                  -0.396206,39.475922,0
                  -0.394712,39.47652,0
                  -0.392831,39.477268,0
                  -0.390478,39.478211,0
                  -0.388479,39.479018,0
                  -0.38715,39.47955,0
                  -0.385954,39.480029,0
                  -0.385271,39.480303,0
                  -0.384221,39.480724,0
                  -0.382908,39.481252,0
                  -0.381417,39.481849,0
                  -0.381363,39.481969,0
                  -0.381892,39.482713,0
                  -0.383588,39.483872,0
                  -0.385167,39.484951,0
                  -0.385965,39.485667,0
                  -0.386833,39.486446,0
                  -0.388182,39.487657,0
                  -0.389224,39.488592,0
                  -0.390108,39.489412,0
                  -0.391645,39.490992,0
                  -0.393404,39.4928,0
                  -0.389757,39.495014,0
                  -0.38661,39.496923,0
                  -0.386209,39.49753,0
                  -0.386723,39.497987,0
                  -0.38828,39.499472,0
                  -0.389907,39.500942,0
                  -0.390864,39.502013,0
                  -0.392049,39.502812,0
                  -0.393533,39.502998,0
                  -0.394618,39.502741,0
                  -0.395589,39.502213,0
                  -0.397017,39.501365,0
                  -0.397125,39.500953,0
                  -0.397426,39.500471,0
                  -0.397657,39.5001,0
                  -0.398059,39.499911,0
                  -0.398142,39.499876,0
                  -0.399286,39.500064,0
                  -0.39952,39.499709,0
                  -0.400921,39.499867,0
                  -0.40112,39.499222,0
                  -0.401281,39.498965,0
                  -0.401471,39.498843,0
                  -0.401553,39.498827,0
                  -0.401823,39.49877,0
                  -0.402644,39.498896,0
                  -0.404163,39.499615,0
                  -0.404588,39.498823,0
                  -0.404852,39.498306,0
                  -0.405021,39.498138,0
                  -0.406801,39.498728,0
                  -0.407715,39.498244,0
                  -0.408137,39.498154,0
                  -0.408519,39.498181,0
                  -0.408933,39.498316,0
                  -0.409377,39.498578,0
                  -0.410211,39.49802,0
                  -0.411408,39.497407,0
                  -0.412619,39.498002,0
                </coordinates>
              </LinearRing>
            </outerBoundaryIs>
          </Polygon>
        </MultiGeometry>
      </Placemark>
      <Placemark>
        <name>Zona Campanar (Norte)</name>
        <description><![CDATA[descripción: Parque: Campanar<br>Coopera: Norte<br>Parque: Campanar<br>Coopera: Norte<br>CaseTypeID: 1104<br>CTypeArea: BMV-CAM1<br>AreaName: Campanar (Norte)]]></description>
        <styleUrl>#icon-1899-880E4F-labelson</styleUrl>
        <ExtendedData>
          <Data name="descripción">
            <value>Parque: Campanar
Coopera: Norte</value>
          </Data>
          <Data name="Parque">
            <value>Campanar</value>
          </Data>
          <Data name="Coopera">
            <value>Norte</value>
          </Data>
          <Data name="CaseTypeID">
            <value>1104</value>
          </Data>
          <Data name="CTypeArea">
            <value>BMV-CAM1</value>
          </Data>
          <Data name="AreaName">
            <value>Campanar (Norte)</value>
          </Data>
        </ExtendedData>
        <MultiGeometry>
          <Point>
            <coordinates>
              -0.385614,39.522131,0
            </coordinates>
          </Point>
          <Polygon>
            <outerBoundaryIs>
              <LinearRing>
                <tessellate>1</tessellate>
                <coordinates>
                  -0.406204,39.543515,0
                  -0.406618,39.544903,0
                  -0.406953,39.54528,0
                  -0.407986,39.545978,0
                  -0.408819,39.546429,0
                  -0.409511,39.546904,0
                  -0.411018,39.547677,0
                  -0.416252,39.551189,0
                  -0.417695,39.552429,0
                  -0.420637,39.555638,0
                  -0.426586,39.561869,0
                  -0.426978,39.562292,0
                  -0.431881,39.561265,0
                  -0.432537,39.561136,0
                  -0.432495,39.560072,0
                  -0.43227,39.55922,0
                  -0.432244,39.558355,0
                  -0.432138,39.557767,0
                  -0.431868,39.557184,0
                  -0.430949,39.555736,0
                  -0.430791,39.555485,0
                  -0.430244,39.55422,0
                  -0.430195,39.553958,0
                  -0.428985,39.553684,0
                  -0.428603,39.553598,0
                  -0.427984,39.553342,0
                  -0.427289,39.55293,0
                  -0.426712,39.552485,0
                  -0.424717,39.550431,0
                  -0.423925,39.54981,0
                  -0.422981,39.549222,0
                  -0.42087,39.548094,0
                  -0.419733,39.547681,0
                  -0.416709,39.546389,0
                  -0.416025,39.546004,0
                  -0.415675,39.545726,0
                  -0.415342,39.545304,0
                  -0.414653,39.544109,0
                  -0.414188,39.542855,0
                  -0.413883,39.542903,0
                  -0.413218,39.542014,0
                  -0.412723,39.541553,0
                  -0.412144,39.54117,0
                  -0.41182,39.540812,0
                  -0.411427,39.540118,0
                  -0.411159,39.539202,0
                  -0.411136,39.538553,0
                  -0.411232,39.537862,0
                  -0.411234,39.537186,0
                  -0.411121,39.536445,0
                  -0.410747,39.535887,0
                  -0.410101,39.535107,0
                  -0.409386,39.534622,0
                  -0.408891,39.53417,0
                  -0.408413,39.533574,0
                  -0.408186,39.5331,0
                  -0.408107,39.532324,0
                  -0.408084,39.532098,0
                  -0.407933,39.531464,0
                  -0.407552,39.530762,0
                  -0.407163,39.530415,0
                  -0.406899,39.53018,0
                  -0.406398,39.529889,0
                  -0.405488,39.529626,0
                  -0.402873,39.529252,0
                  -0.402136,39.529064,0
                  -0.40176,39.528849,0
                  -0.401445,39.528553,0
                  -0.401004,39.527913,0
                  -0.400679,39.527266,0
                  -0.400435,39.526936,0
                  -0.399822,39.526535,0
                  -0.397597,39.525386,0
                  -0.397382,39.52521,0
                  -0.397176,39.524494,0
                  -0.397119,39.52415,0
                  -0.396991,39.52385,0
                  -0.396662,39.523627,0
                  -0.395943,39.523259,0
                  -0.395943,39.522953,0
                  -0.396102,39.522722,0
                  -0.396466,39.52264,0
                  -0.397424,39.522851,0
                  -0.397853,39.522879,0
                  -0.398241,39.522761,0
                  -0.398505,39.522542,0
                  -0.399243,39.521486,0
                  -0.399444,39.521094,0
                  -0.400594,39.519264,0
                  -0.40142,39.517382,0
                  -0.401603,39.516521,0
                  -0.401662,39.515865,0
                  -0.401549,39.515484,0
                  -0.401258,39.51518,0
                  -0.400254,39.514653,0
                  -0.400044,39.51436,0
                  -0.399479,39.512753,0
                  -0.399318,39.512299,0
                  -0.399196,39.511215,0
                  -0.399254,39.511207,0
                  -0.399397,39.511003,0
                  -0.399475,39.510888,0
                  -0.399995,39.510684,0
                  -0.400568,39.510588,0
                  -0.40102,39.510643,0
                  -0.400865,39.510108,0
                  -0.40054,39.50948,0
                  -0.40034,39.509223,0
                  -0.400079,39.509037,0
                  -0.399458,39.508852,0
                  -0.399239,39.508802,0
                  -0.398037,39.508595,0
                  -0.396937,39.508489,0
                  -0.39665,39.508383,0
                  -0.396515,39.508245,0
                  -0.396501,39.508002,0
                  -0.396675,39.507708,0
                  -0.397363,39.507048,0
                  -0.398006,39.506333,0
                  -0.398289,39.505916,0
                  -0.398404,39.505639,0
                  -0.398438,39.505351,0
                  -0.398321,39.505052,0
                  -0.397944,39.504854,0
                  -0.397504,39.504817,0
                  -0.397251,39.504739,0
                  -0.397174,39.504323,0
                  -0.397339,39.503633,0
                  -0.397796,39.502292,0
                  -0.397805,39.50204,0
                  -0.397649,39.501856,0
                  -0.397315,39.501777,0
                  -0.397123,39.501637,0
                  -0.397017,39.501365,0
                  -0.395589,39.502213,0
                  -0.394618,39.502741,0
                  -0.393533,39.502998,0
                  -0.392049,39.502812,0
                  -0.390864,39.502013,0
                  -0.389907,39.500942,0
                  -0.38828,39.499472,0
                  -0.386723,39.497987,0
                  -0.386209,39.49753,0
                  -0.38661,39.496923,0
                  -0.389757,39.495014,0
                  -0.393404,39.4928,0
                  -0.391645,39.490992,0
                  -0.390108,39.489412,0
                  -0.389224,39.488592,0
                  -0.388182,39.487657,0
                  -0.386833,39.486446,0
                  -0.385965,39.485667,0
                  -0.385167,39.484951,0
                  -0.383588,39.483872,0
                  -0.381892,39.482713,0
                  -0.381363,39.481969,0
                  -0.380508,39.482203,0
                  -0.379148,39.482129,0
                  -0.379007,39.482993,0
                  -0.378595,39.484771,0
                  -0.378294,39.48607,0
                  -0.377348,39.487374,0
                  -0.37629,39.488831,0
                  -0.375427,39.490019,0
                  -0.374815,39.490862,0
                  -0.373982,39.492009,0
                  -0.378508,39.491073,0
                  -0.379627,39.493598,0
                  -0.380688,39.495993,0
                  -0.381276,39.49732,0
                  -0.381307,39.500241,0
                  -0.379984,39.502296,0
                  -0.377704,39.505506,0
                  -0.377149,39.506287,0
                  -0.376155,39.509883,0
                  -0.375519,39.51218,0
                  -0.374538,39.515726,0
                  -0.374343,39.516433,0
                  -0.372658,39.520453,0
                  -0.372316,39.521277,0
                  -0.372468,39.52237,0
                  -0.37369,39.525416,0
                  -0.373905,39.526204,0
                  -0.372554,39.526237,0
                  -0.371646,39.52627,0
                  -0.371385,39.526391,0
                  -0.371156,39.526602,0
                  -0.370871,39.527388,0
                  -0.372568,39.527724,0
                  -0.373976,39.528017,0
                  -0.374748,39.528232,0
                  -0.375304,39.528272,0
                  -0.375969,39.528242,0
                  -0.376358,39.528413,0
                  -0.376477,39.528641,0
                  -0.376476,39.528992,0
                  -0.376595,39.529211,0
                  -0.377317,39.529516,0
                  -0.377473,39.529699,0
                  -0.377519,39.530007,0
                  -0.377698,39.530191,0
                  -0.378087,39.530371,0
                  -0.378653,39.530474,0
                  -0.383613,39.530369,0
                  -0.384893,39.530353,0
                  -0.384802,39.531243,0
                  -0.384399,39.532054,0
                  -0.384347,39.532512,0
                  -0.384458,39.533271,0
                  -0.385843,39.533248,0
                  -0.386118,39.532444,0
                  -0.386434,39.532072,0
                  -0.386966,39.531859,0
                  -0.387455,39.531843,0
                  -0.387704,39.532038,0
                  -0.387762,39.532354,0
                  -0.387708,39.532849,0
                  -0.387755,39.533147,0
                  -0.38942,39.532797,0
                  -0.38915,39.532242,0
                  -0.388977,39.531274,0
                  -0.38938,39.531076,0
                  -0.389758,39.530625,0
                  -0.390141,39.530336,0
                  -0.390637,39.530122,0
                  -0.3912,39.529999,0
                  -0.392075,39.529947,0
                  -0.393688,39.530055,0
                  -0.39358,39.529521,0
                  -0.392649,39.527663,0
                  -0.394199,39.527265,0
                  -0.394701,39.52724,0
                  -0.395054,39.527428,0
                  -0.396367,39.528413,0
                  -0.39686,39.528901,0
                  -0.397299,39.530235,0
                  -0.397521,39.530529,0
                  -0.399036,39.531391,0
                  -0.399614,39.531792,0
                  -0.399902,39.532176,0
                  -0.399949,39.532475,0
                  -0.399728,39.532803,0
                  -0.399352,39.533218,0
                  -0.399269,39.533883,0
                  -0.400766,39.534898,0
                  -0.401693,39.535631,0
                  -0.402695,39.536518,0
                  -0.402828,39.536701,0
                  -0.402938,39.536866,0
                  -0.402931,39.537055,0
                  -0.401429,39.538355,0
                  -0.401262,39.538756,0
                  -0.401234,39.538891,0
                  -0.401057,39.53958,0
                  -0.400915,39.540577,0
                  -0.401344,39.540623,0
                  -0.402305,39.540752,0
                  -0.403794,39.541065,0
                  -0.404612,39.541281,0
                  -0.405117,39.541482,0
                  -0.405365,39.541686,0
                  -0.405542,39.541933,0
                  -0.406204,39.543515,0
                </coordinates>
              </LinearRing>
            </outerBoundaryIs>
          </Polygon>
        </MultiGeometry>
      </Placemark>
      <Placemark>
        <name>Zona Oeste (Campanar)</name>
        <description><![CDATA[descripción: Parque: Oeste<br>Coopera: Campanar<br>Parque: Oeste<br>Coopera: Campanar<br>CaseTypeID: 1104<br>CTypeArea: BMV-OES1<br>AreaName: Oeste (Campanar)]]></description>
        <styleUrl>#icon-1899-0288D1-labelson</styleUrl>
        <ExtendedData>
          <Data name="descripción">
            <value>Parque: Oeste
Coopera: Campanar</value>
          </Data>
          <Data name="Parque">
            <value>Oeste</value>
          </Data>
          <Data name="Coopera">
            <value>Campanar</value>
          </Data>
          <Data name="CaseTypeID">
            <value>1104</value>
          </Data>
          <Data name="CTypeArea">
            <value>BMV-OES1</value>
          </Data>
          <Data name="AreaName">
            <value>Oeste (Campanar)</value>
          </Data>
        </ExtendedData>
        <MultiGeometry>
          <Point>
            <coordinates>
              -0.405809,39.462052,0
            </coordinates>
          </Point>
          <Polygon>
            <outerBoundaryIs>
              <LinearRing>
                <tessellate>1</tessellate>
                <coordinates>
                  -0.384057,39.472538,0
                  -0.379966,39.472816,0
                  -0.379928,39.473424,0
                  -0.379838,39.474174,0
                  -0.379772,39.474686,0
                  -0.379886,39.475063,0
                  -0.38001,39.475473,0
                  -0.380197,39.476091,0
                  -0.380031,39.47641,0
                  -0.379908,39.476813,0
                  -0.380004,39.47749,0
                  -0.38004,39.478106,0
                  -0.379872,39.478926,0
                  -0.379651,39.479405,0
                  -0.379869,39.479633,0
                  -0.379962,39.480092,0
                  -0.380139,39.480638,0
                  -0.380287,39.481719,0
                  -0.380347,39.482195,0
                  -0.380508,39.482203,0
                  -0.381363,39.481969,0
                  -0.381417,39.481849,0
                  -0.382908,39.481252,0
                  -0.384221,39.480724,0
                  -0.385271,39.480303,0
                  -0.385954,39.480029,0
                  -0.38715,39.47955,0
                  -0.388479,39.479018,0
                  -0.390478,39.478211,0
                  -0.392831,39.477268,0
                  -0.394712,39.47652,0
                  -0.396206,39.475922,0
                  -0.396901,39.475637,0
                  -0.397764,39.475455,0
                  -0.399026,39.475196,0
                  -0.400468,39.474886,0
                  -0.402384,39.474482,0
                  -0.405492,39.473828,0
                  -0.406444,39.473634,0
                  -0.406992,39.473512,0
                  -0.406927,39.473428,0
                  -0.406934,39.473231,0
                  -0.406942,39.473029,0
                  -0.406866,39.472774,0
                  -0.407255,39.47275,0
                  -0.40811,39.472708,0
                  -0.409117,39.47267,0
                  -0.409627,39.472648,0
                  -0.410999,39.472566,0
                  -0.411501,39.472089,0
                  -0.411701,39.471742,0
                  -0.412104,39.471342,0
                  -0.412469,39.47113,0
                  -0.413203,39.470939,0
                  -0.413712,39.470772,0
                  -0.41413,39.470603,0
                  -0.414606,39.470346,0
                  -0.415141,39.47011,0
                  -0.415585,39.469899,0
                  -0.415834,39.469712,0
                  -0.415898,39.469624,0
                  -0.41662,39.469579,0
                  -0.416981,39.469493,0
                  -0.417575,39.469304,0
                  -0.417948,39.469031,0
                  -0.418051,39.468763,0
                  -0.417606,39.468519,0
                  -0.414418,39.467349,0
                  -0.411949,39.466862,0
                  -0.411353,39.466632,0
                  -0.411242,39.466485,0
                  -0.411182,39.466232,0
                  -0.411593,39.465493,0
                  -0.412308,39.464716,0
                  -0.412517,39.464388,0
                  -0.414063,39.460638,0
                  -0.414549,39.459442,0
                  -0.414562,39.459397,0
                  -0.415728,39.455216,0
                  -0.416053,39.454917,0
                  -0.416128,39.454775,0
                  -0.416028,39.454322,0
                  -0.416123,39.453955,0
                  -0.416656,39.453687,0
                  -0.41814,39.453162,0
                  -0.418245,39.453128,0
                  -0.419322,39.452918,0
                  -0.419536,39.452805,0
                  -0.419783,39.452406,0
                  -0.419975,39.452248,0
                  -0.420422,39.452095,0
                  -0.422513,39.451782,0
                  -0.423992,39.451697,0
                  -0.42478,39.451769,0
                  -0.425357,39.451881,0
                  -0.425619,39.452013,0
                  -0.425781,39.452349,0
                  -0.425952,39.452443,0
                  -0.426368,39.452498,0
                  -0.428818,39.452255,0
                  -0.429627,39.452056,0
                  -0.431048,39.451971,0
                  -0.431317,39.451905,0
                  -0.431508,39.451765,0
                  -0.431545,39.451405,0
                  -0.431484,39.450854,0
                  -0.431516,39.450287,0
                  -0.430041,39.448696,0
                  -0.428957,39.447195,0
                  -0.428763,39.446803,0
                  -0.428898,39.445662,0
                  -0.428772,39.445299,0
                  -0.428516,39.444987,0
                  -0.426961,39.443979,0
                  -0.426014,39.442553,0
                  -0.425577,39.4419,0
                  -0.423996,39.442924,0
                  -0.419135,39.446099,0
                  -0.41231,39.45047,0
                  -0.409179,39.452709,0
                  -0.407152,39.454145,0
                  -0.405052,39.455825,0
                  -0.402881,39.457702,0
                  -0.402223,39.45826,0
                  -0.401691,39.45871,0
                  -0.401549,39.458873,0
                  -0.401044,39.459332,0
                  -0.399894,39.460407,0
                  -0.398967,39.461232,0
                  -0.398298,39.461912,0
                  -0.397209,39.462862,0
                  -0.396109,39.463936,0
                  -0.395275,39.464762,0
                  -0.39429,39.465787,0
                  -0.393519,39.466457,0
                  -0.393011,39.467117,0
                  -0.392608,39.467654,0
                  -0.392076,39.468423,0
                  -0.391815,39.468933,0
                  -0.391884,39.469247,0
                  -0.392188,39.469738,0
                  -0.392158,39.470003,0
                  -0.386279,39.472502,0
                  -0.385972,39.472067,0
                  -0.385628,39.47212,0
                  -0.38404,39.472168,0
                  -0.384057,39.472538,0
                </coordinates>
              </LinearRing>
            </outerBoundaryIs>
          </Polygon>
        </MultiGeometry>
      </Placemark>
      <Placemark>
        <name>Zona Oeste (Norte)</name>
        <description><![CDATA[descripción: Parque: Oeste<br>Coopera: Norte<br>Parque: Oeste<br>Coopera: Norte<br>CaseTypeID: 1104<br>CTypeArea: BMV-OES3<br>AreaName: Oeste (Norte)]]></description>
        <styleUrl>#icon-1899-0288D1-labelson</styleUrl>
        <ExtendedData>
          <Data name="descripción">
            <value>Parque: Oeste
Coopera: Norte</value>
          </Data>
          <Data name="Parque">
            <value>Oeste</value>
          </Data>
          <Data name="Coopera">
            <value>Norte</value>
          </Data>
          <Data name="CaseTypeID">
            <value>1104</value>
          </Data>
          <Data name="CTypeArea">
            <value>BMV-OES3</value>
          </Data>
          <Data name="AreaName">
            <value>Oeste (Norte)</value>
          </Data>
        </ExtendedData>
        <MultiGeometry>
          <Point>
            <coordinates>
              -0.378219,39.478208,0
            </coordinates>
          </Point>
          <Polygon>
            <outerBoundaryIs>
              <LinearRing>
                <tessellate>1</tessellate>
                <coordinates>
                  -0.375248,39.47601,0
                  -0.375685,39.476384,0
                  -0.376812,39.476604,0
                  -0.376842,39.477242,0
                  -0.376188,39.478735,0
                  -0.375336,39.48068,0
                  -0.37657,39.481275,0
                  -0.378615,39.482099,0
                  -0.380347,39.482195,0
                  -0.380287,39.481719,0
                  -0.380139,39.480638,0
                  -0.379962,39.480092,0
                  -0.379869,39.479633,0
                  -0.379651,39.479405,0
                  -0.379872,39.478926,0
                  -0.38004,39.478106,0
                  -0.380004,39.47749,0
                  -0.379908,39.476813,0
                  -0.380018,39.476454,0
                  -0.379981,39.476417,0
                  -0.379699,39.47607,0
                  -0.37933,39.475878,0
                  -0.379308,39.475671,0
                  -0.378867,39.475638,0
                  -0.378372,39.47573,0
                  -0.377729,39.475598,0
                  -0.377623,39.474844,0
                  -0.376845,39.474263,0
                  -0.37576,39.474221,0
                  -0.375248,39.47601,0
                </coordinates>
              </LinearRing>
            </outerBoundaryIs>
          </Polygon>
        </MultiGeometry>
      </Placemark>
      <Placemark>
        <name>Zona Oeste (Sur)</name>
        <description><![CDATA[descripción: Parque: Oeste<br>Coopera: Sur<br>Parque: Oeste<br>Coopera: Sur<br>CaseTypeID: 1104<br>CTypeArea: BMV-OES2<br>AreaName: Oeste (Sur)]]></description>
        <styleUrl>#icon-1899-0288D1-labelson</styleUrl>
        <ExtendedData>
          <Data name="descripción">
            <value>Parque: Oeste
Coopera: Sur</value>
          </Data>
          <Data name="Parque">
            <value>Oeste</value>
          </Data>
          <Data name="Coopera">
            <value>Sur</value>
          </Data>
          <Data name="CaseTypeID">
            <value>1104</value>
          </Data>
          <Data name="CTypeArea">
            <value>BMV-OES2</value>
          </Data>
          <Data name="AreaName">
            <value>Oeste (Sur)</value>
          </Data>
        </ExtendedData>
        <MultiGeometry>
          <Point>
            <coordinates>
              -0.396551,39.453154,0
            </coordinates>
          </Point>
          <Polygon>
            <outerBoundaryIs>
              <LinearRing>
                <tessellate>1</tessellate>
                <coordinates>
                  -0.379308,39.475671,0
                  -0.37933,39.475878,0
                  -0.379699,39.47607,0
                  -0.379981,39.476417,0
                  -0.380018,39.476454,0
                  -0.380031,39.47641,0
                  -0.380197,39.476091,0
                  -0.38001,39.475473,0
                  -0.379886,39.475063,0
                  -0.379772,39.474686,0
                  -0.379838,39.474174,0
                  -0.379928,39.473424,0
                  -0.379966,39.472816,0
                  -0.384057,39.472538,0
                  -0.38404,39.472168,0
                  -0.385628,39.47212,0
                  -0.385972,39.472067,0
                  -0.386279,39.472502,0
                  -0.392158,39.470003,0
                  -0.392188,39.469738,0
                  -0.391884,39.469247,0
                  -0.391815,39.468933,0
                  -0.392076,39.468423,0
                  -0.392608,39.467654,0
                  -0.393011,39.467117,0
                  -0.393519,39.466457,0
                  -0.39429,39.465787,0
                  -0.395275,39.464762,0
                  -0.396109,39.463936,0
                  -0.397209,39.462862,0
                  -0.398298,39.461912,0
                  -0.398967,39.461232,0
                  -0.399894,39.460407,0
                  -0.401044,39.459332,0
                  -0.401549,39.458873,0
                  -0.401691,39.45871,0
                  -0.402881,39.457702,0
                  -0.405052,39.455825,0
                  -0.407152,39.454145,0
                  -0.409179,39.452709,0
                  -0.41231,39.45047,0
                  -0.419135,39.446099,0
                  -0.423996,39.442924,0
                  -0.425577,39.4419,0
                  -0.424825,39.440779,0
                  -0.424746,39.44039,0
                  -0.424302,39.4392,0
                  -0.423756,39.438269,0
                  -0.423723,39.438223,0
                  -0.422137,39.43617,0
                  -0.42134,39.435414,0
                  -0.420887,39.435106,0
                  -0.419977,39.435519,0
                  -0.418665,39.435796,0
                  -0.417324,39.435928,0
                  -0.416497,39.436009,0
                  -0.415307,39.436135,0
                  -0.413149,39.436367,0
                  -0.410997,39.436427,0
                  -0.409516,39.436592,0
                  -0.40609,39.436543,0
                  -0.404804,39.436757,0
                  -0.403299,39.436931,0
                  -0.402871,39.436894,0
                  -0.402787,39.436649,0
                  -0.402608,39.433654,0
                  -0.402591,39.433492,0
                  -0.402653,39.432124,0
                  -0.402524,39.430283,0
                  -0.402411,39.429853,0
                  -0.395339,39.440132,0
                  -0.398519,39.44166,0
                  -0.39746,39.443178,0
                  -0.395925,39.448199,0
                  -0.394786,39.449759,0
                  -0.392145,39.44779,0
                  -0.386365,39.446426,0
                  -0.386196,39.446692,0
                  -0.385978,39.447346,0
                  -0.385276,39.449623,0
                  -0.384864,39.451537,0
                  -0.384573,39.453039,0
                  -0.384428,39.453766,0
                  -0.381601,39.466007,0
                  -0.37653,39.472659,0
                  -0.375624,39.47383,0
                  -0.375858,39.473879,0
                  -0.37576,39.474221,0
                  -0.376845,39.474263,0
                  -0.377623,39.474844,0
                  -0.377729,39.475598,0
                  -0.378372,39.47573,0
                  -0.378867,39.475638,0
                  -0.379308,39.475671,0
                </coordinates>
              </LinearRing>
            </outerBoundaryIs>
          </Polygon>
        </MultiGeometry>
      </Placemark>
      <Placemark>
        <name>Zona Norte (Campanar)</name>
        <description><![CDATA[descripción: Parque: Norte<br>Coopera: Campanar<br>Parque: Norte<br>Coopera: Campanar<br>CaseTypeID: 1104<br>CTypeArea: BMV-NOR1<br>AreaName: Norte (Campanar)]]></description>
        <styleUrl>#icon-1899-F9A825-labelson</styleUrl>
        <ExtendedData>
          <Data name="descripción">
            <value>Parque: Norte
Coopera: Campanar</value>
          </Data>
          <Data name="Parque">
            <value>Norte</value>
          </Data>
          <Data name="Coopera">
            <value>Campanar</value>
          </Data>
          <Data name="CaseTypeID">
            <value>1104</value>
          </Data>
          <Data name="CTypeArea">
            <value>BMV-NOR1</value>
          </Data>
          <Data name="AreaName">
            <value>Norte (Campanar)</value>
          </Data>
        </ExtendedData>
        <MultiGeometry>
          <Point>
            <coordinates>
              -0.368523,39.500979,0
            </coordinates>
          </Point>
          <Polygon>
            <outerBoundaryIs>
              <LinearRing>
                <tessellate>1</tessellate>
                <coordinates>
                  -0.366286,39.504023,0
                  -0.366792,39.504197,0
                  -0.367328,39.504462,0
                  -0.367768,39.504823,0
                  -0.368469,39.505667,0
                  -0.36879,39.50608,0
                  -0.369317,39.506921,0
                  -0.369462,39.507384,0
                  -0.369658,39.507739,0
                  -0.370828,39.508487,0
                  -0.371289,39.508902,0
                  -0.371624,39.50927,0
                  -0.371902,39.509601,0
                  -0.371552,39.509647,0
                  -0.371143,39.509701,0
                  -0.370228,39.509887,0
                  -0.369497,39.51015,0
                  -0.36826,39.510888,0
                  -0.367757,39.511282,0
                  -0.367541,39.511439,0
                  -0.366596,39.512454,0
                  -0.367506,39.512997,0
                  -0.367938,39.513268,0
                  -0.368548,39.513732,0
                  -0.368795,39.513981,0
                  -0.369041,39.514239,0
                  -0.36987,39.515384,0
                  -0.371201,39.517396,0
                  -0.371538,39.518016,0
                  -0.372248,39.520789,0
                  -0.372316,39.521277,0
                  -0.372658,39.520453,0
                  -0.374343,39.516433,0
                  -0.374538,39.515726,0
                  -0.375519,39.51218,0
                  -0.376155,39.509883,0
                  -0.377149,39.506287,0
                  -0.377704,39.505506,0
                  -0.379984,39.502296,0
                  -0.381307,39.500241,0
                  -0.381276,39.49732,0
                  -0.380688,39.495993,0
                  -0.379627,39.493598,0
                  -0.378508,39.491073,0
                  -0.373982,39.492009,0
                  -0.374815,39.490862,0
                  -0.375427,39.490019,0
                  -0.37629,39.488831,0
                  -0.377348,39.487374,0
                  -0.378294,39.48607,0
                  -0.378595,39.484771,0
                  -0.379007,39.482993,0
                  -0.379148,39.482129,0
                  -0.378615,39.482099,0
                  -0.37657,39.481275,0
                  -0.375336,39.48068,0
                  -0.373809,39.480785,0
                  -0.372692,39.48246,0
                  -0.370963,39.485161,0
                  -0.36405,39.48475,0
                  -0.362774,39.483793,0
                  -0.36021,39.488992,0
                  -0.3564,39.488467,0
                  -0.356061,39.488546,0
                  -0.355958,39.48931,0
                  -0.355193,39.489307,0
                  -0.354879,39.490197,0
                  -0.35425,39.491304,0
                  -0.355422,39.492462,0
                  -0.355957,39.49305,0
                  -0.356723,39.493699,0
                  -0.357764,39.494164,0
                  -0.357721,39.494685,0
                  -0.357913,39.494956,0
                  -0.358052,39.495152,0
                  -0.356499,39.496855,0
                  -0.356398,39.497367,0
                  -0.356919,39.498054,0
                  -0.356945,39.498271,0
                  -0.356786,39.498493,0
                  -0.355214,39.500078,0
                  -0.355831,39.500363,0
                  -0.356099,39.500648,0
                  -0.356225,39.501011,0
                  -0.356269,39.5014,0
                  -0.356183,39.501821,0
                  -0.356242,39.502093,0
                  -0.356489,39.502342,0
                  -0.360046,39.503612,0
                  -0.360955,39.502002,0
                  -0.36141,39.502291,0
                  -0.362382,39.50271,0
                  -0.363268,39.503279,0
                  -0.364118,39.503551,0
                  -0.364687,39.503879,0
                  -0.365276,39.504001,0
                  -0.365742,39.503975,0
                  -0.366286,39.504023,0
                </coordinates>
              </LinearRing>
            </outerBoundaryIs>
          </Polygon>
          <Polygon>
            <outerBoundaryIs>
              <LinearRing>
                <tessellate>1</tessellate>
                <coordinates>
                  -0.353794,39.527991,0
                  -0.354046,39.528087,0
                  -0.353411,39.529487,0
                  -0.354057,39.529655,0
                  -0.354195,39.529694,0
                  -0.362052,39.532323,0
                  -0.362655,39.530544,0
                  -0.362378,39.530475,0
                  -0.362185,39.530353,0
                  -0.362136,39.530109,0
                  -0.362189,39.529948,0
                  -0.362268,39.529697,0
                  -0.362549,39.529334,0
                  -0.362643,39.529021,0
                  -0.361975,39.528844,0
                  -0.361564,39.528627,0
                  -0.361376,39.528371,0
                  -0.361327,39.528117,0
                  -0.36144,39.527913,0
                  -0.361629,39.527827,0
                  -0.362267,39.527869,0
                  -0.363268,39.52818,0
                  -0.365126,39.528879,0
                  -0.365499,39.528852,0
                  -0.365994,39.528683,0
                  -0.366465,39.528216,0
                  -0.366756,39.527619,0
                  -0.36694,39.527056,0
                  -0.366871,39.52673,0
                  -0.365556,39.526105,0
                  -0.365532,39.525835,0
                  -0.365878,39.525293,0
                  -0.366533,39.523668,0
                  -0.364133,39.523136,0
                  -0.363745,39.522938,0
                  -0.363499,39.522689,0
                  -0.36333,39.522244,0
                  -0.363112,39.521221,0
                  -0.362903,39.520919,0
                  -0.362415,39.520584,0
                  -0.362113,39.52028,0
                  -0.361884,39.51986,0
                  -0.361667,39.519161,0
                  -0.361556,39.518384,0
                  -0.36136,39.517119,0
                  -0.361258,39.516738,0
                  -0.360986,39.516236,0
                  -0.360725,39.516068,0
                  -0.360599,39.51602,0
                  -0.360507,39.515991,0
                  -0.360314,39.516185,0
                  -0.360157,39.516334,0
                  -0.359778,39.516812,0
                  -0.359615,39.517142,0
                  -0.359373,39.517371,0
                  -0.358874,39.517657,0
                  -0.358109,39.518207,0
                  -0.3576,39.518736,0
                  -0.356608,39.519758,0
                  -0.356103,39.520188,0
                  -0.355615,39.520483,0
                  -0.355145,39.520608,0
                  -0.354597,39.520622,0
                  -0.354192,39.520586,0
                  -0.353673,39.520772,0
                  -0.352781,39.521293,0
                  -0.351542,39.522354,0
                  -0.351356,39.522665,0
                  -0.352442,39.523159,0
                  -0.353649,39.523538,0
                  -0.354191,39.523676,0
                  -0.355266,39.523845,0
                  -0.355899,39.52403,0
                  -0.355724,39.524351,0
                  -0.354201,39.527388,0
                  -0.353794,39.527991,0
                </coordinates>
              </LinearRing>
            </outerBoundaryIs>
          </Polygon>
        </MultiGeometry>
      </Placemark>
      <Placemark>
        <name>Zona Norte (Sur)</name>
        <description><![CDATA[descripción: Parque: Norte<br>Coopera: Sur<br>Parque: Norte<br>Coopera: Sur<br>CaseTypeID: 1104<br>CTypeArea: BMV-NOR2<br>AreaName: Norte (Sur)]]></description>
        <styleUrl>#icon-1899-F9A825-labelson</styleUrl>
        <ExtendedData>
          <Data name="descripción">
            <value>Parque: Norte
Coopera: Sur</value>
          </Data>
          <Data name="Parque">
            <value>Norte</value>
          </Data>
          <Data name="Coopera">
            <value>Sur</value>
          </Data>
          <Data name="CaseTypeID">
            <value>1104</value>
          </Data>
          <Data name="CTypeArea">
            <value>BMV-NOR2</value>
          </Data>
          <Data name="AreaName">
            <value>Norte (Sur)</value>
          </Data>
        </ExtendedData>
        <MultiGeometry>
          <Point>
            <coordinates>
              -0.330507,39.462529,0
            </coordinates>
          </Point>
          <Polygon>
            <outerBoundaryIs>
              <LinearRing>
                <tessellate>1</tessellate>
                <coordinates>
                  -0.351797,39.489316,0
                  -0.3542,39.491254,0
                  -0.35425,39.491304,0
                  -0.354879,39.490197,0
                  -0.355193,39.489307,0
                  -0.355958,39.48931,0
                  -0.356061,39.488546,0
                  -0.3564,39.488467,0
                  -0.36021,39.488992,0
                  -0.362774,39.483793,0
                  -0.36405,39.48475,0
                  -0.370963,39.485161,0
                  -0.372692,39.48246,0
                  -0.373809,39.480785,0
                  -0.375336,39.48068,0
                  -0.376188,39.478735,0
                  -0.376842,39.477242,0
                  -0.376812,39.476604,0
                  -0.375685,39.476384,0
                  -0.375248,39.47601,0
                  -0.37576,39.474221,0
                  -0.375858,39.473879,0
                  -0.375624,39.47383,0
                  -0.37653,39.472659,0
                  -0.376405,39.472552,0
                  -0.37652,39.472322,0
                  -0.376374,39.471371,0
                  -0.376184,39.471001,0
                  -0.375811,39.470377,0
                  -0.37537,39.470392,0
                  -0.373826,39.470399,0
                  -0.370355,39.47027,0
                  -0.36923,39.4713,0
                  -0.368552,39.471922,0
                  -0.367873,39.471786,0
                  -0.367008,39.471281,0
                  -0.366134,39.47077,0
                  -0.365154,39.470198,0
                  -0.363765,39.470269,0
                  -0.362719,39.470322,0
                  -0.362133,39.470352,0
                  -0.361373,39.469439,0
                  -0.360716,39.468651,0
                  -0.360363,39.468227,0
                  -0.358387,39.467635,0
                  -0.356696,39.46713,0
                  -0.355107,39.466658,0
                  -0.353206,39.466092,0
                  -0.351664,39.465633,0
                  -0.351225,39.465502,0
                  -0.349933,39.465118,0
                  -0.348635,39.464732,0
                  -0.347607,39.464426,0
                  -0.346235,39.464018,0
                  -0.343679,39.463257,0
                  -0.341475,39.462601,0
                  -0.340158,39.462209,0
                  -0.338762,39.461794,0
                  -0.338591,39.461943,0
                  -0.337955,39.461595,0
                  -0.335297,39.460902,0
                  -0.333363,39.460358,0
                  -0.332651,39.460442,0
                  -0.331318,39.460253,0
                  -0.331249,39.460251,0
                  -0.329757,39.461586,0
                  -0.329598,39.461483,0
                  -0.329539,39.461509,0
                  -0.32948,39.461535,0
                  -0.329432,39.46157,0
                  -0.329373,39.461595,0
                  -0.329302,39.46163,0
                  -0.329219,39.461655,0
                  -0.329114,39.461679,0
                  -0.328997,39.461695,0
                  -0.328904,39.461693,0
                  -0.328811,39.461691,0
                  -0.32873,39.461689,0
                  -0.32866,39.461696,0
                  -0.328614,39.461695,0
                  -0.328579,39.461694,0
                  -0.328535,39.461918,0
                  -0.326368,39.461769,0
                  -0.326337,39.461958,0
                  -0.325989,39.461941,0
                  -0.325982,39.461814,0
                  -0.325856,39.461785,0
                  -0.325825,39.461676,0
                  -0.325997,39.461427,0
                  -0.325722,39.461322,0
                  -0.325538,39.461588,0
                  -0.325251,39.4615,0
                  -0.325562,39.460967,0
                  -0.325458,39.460938,0
                  -0.325147,39.46148,0
                  -0.324584,39.460701,0
                  -0.325209,39.460472,0
                  -0.325043,39.460234,0
                  -0.32443,39.460481,0
                  -0.324076,39.460005,0
                  -0.324289,39.45992,0
                  -0.324305,39.459785,0
                  -0.324123,39.459691,0
                  -0.325354,39.458494,0
                  -0.325392,39.458423,0
                  -0.325418,39.458351,0
                  -0.325421,39.45827,0
                  -0.325424,39.458189,0
                  -0.325415,39.458126,0
                  -0.325382,39.458071,0
                  -0.325314,39.458015,0
                  -0.32527,39.457969,0
                  -0.325168,39.457904,0
                  -0.325076,39.457866,0
                  -0.324984,39.457846,0
                  -0.324845,39.457833,0
                  -0.324716,39.457848,0
                  -0.324599,39.457882,0
                  -0.324527,39.457934,0
                  -0.324456,39.457987,0
                  -0.324407,39.45803,0
                  -0.323755,39.458673,0
                  -0.323574,39.458561,0
                  -0.323475,39.458414,0
                  -0.323168,39.458524,0
                  -0.320868,39.455174,0
                  -0.320861,39.455039,0
                  -0.320772,39.454938,0
                  -0.320607,39.455006,0
                  -0.317271,39.45019,0
                  -0.316683,39.449456,0
                  -0.316551,39.449272,0
                  -0.316341,39.448979,0
                  -0.316198,39.448769,0
                  -0.316066,39.448576,0
                  -0.31589,39.448329,0
                  -0.315791,39.448192,0
                  -0.315647,39.447999,0
                  -0.315526,39.447816,0
                  -0.315338,39.447569,0
                  -0.315206,39.447376,0
                  -0.315096,39.44723,0
                  -0.315008,39.447101,0
                  -0.314897,39.446964,0
                  -0.314864,39.446918,0
                  -0.314842,39.446881,0
                  -0.314665,39.446949,0
                  -0.314453,39.447026,0
                  -0.31452,39.447099,0
                  -0.31453,39.447126,0
                  -0.314467,39.447251,0
                  -0.314426,39.44743,0
                  -0.314347,39.447672,0
                  -0.314307,39.447806,0
                  -0.31428,39.447904,0
                  -0.314275,39.448021,0
                  -0.314323,39.448599,0
                  -0.314253,39.448597,0
                  -0.31409,39.448603,0
                  -0.313892,39.448616,0
                  -0.313648,39.448628,0
                  -0.313692,39.448981,0
                  -0.313494,39.449003,0
                  -0.313711,39.450603,0
                  -0.313804,39.450596,0
                  -0.313811,39.450731,0
                  -0.31375,39.450793,0
                  -0.313006,39.450803,0
                  -0.312797,39.450807,0
                  -0.312588,39.450811,0
                  -0.312239,39.450812,0
                  -0.312241,39.450758,0
                  -0.312223,39.450631,0
                  -0.312207,39.450442,0
                  -0.312193,39.450189,0
                  -0.312194,39.450171,0
                  -0.312311,39.450156,0
                  -0.312293,39.45002,0
                  -0.311759,39.449999,0
                  -0.311593,39.450076,0
                  -0.311395,39.45009,0
                  -0.311402,39.449919,0
                  -0.311088,39.449929,0
                  -0.311081,39.450091,0
                  -0.310837,39.450104,0
                  -0.310811,39.449869,0
                  -0.310543,39.449881,0
                  -0.310559,39.450088,0
                  -0.310396,39.450094,0
                  -0.31038,39.449904,0
                  -0.310252,39.44991,0
                  -0.310232,39.449829,0
                  -0.309999,39.449832,0
                  -0.309732,39.449835,0
                  -0.30973,39.450484,0
                  -0.309892,39.450496,0
                  -0.309892,39.450812,0
                  -0.309484,39.450829,0
                  -0.309321,39.450834,0
                  -0.309288,39.450789,0
                  -0.309172,39.450786,0
                  -0.308998,39.450773,0
                  -0.308768,39.450722,0
                  -0.308414,39.450552,0
                  -0.308211,39.450412,0
                  -0.308031,39.450237,0
                  -0.307969,39.450055,0
                  -0.307976,39.449866,0
                  -0.307985,39.449641,0
                  -0.307992,39.449443,0
                  -0.30799,39.449191,0
                  -0.307998,39.449002,0
                  -0.308005,39.448813,0
                  -0.308024,39.448624,0
                  -0.308147,39.448438,0
                  -0.308283,39.448243,0
                  -0.308485,39.448121,0
                  -0.308722,39.448001,0
                  -0.30897,39.44788,0
                  -0.30924,39.447833,0
                  -0.309497,39.447793,0
                  -0.309727,39.447844,0
                  -0.309992,39.447913,0
                  -0.310077,39.447798,0
                  -0.310166,39.44762,0
                  -0.310266,39.447433,0
                  -0.310366,39.447246,0
                  -0.310477,39.447068,0
                  -0.310627,39.446802,0
                  -0.310776,39.446553,0
                  -0.3109,39.44634,0
                  -0.311001,39.446144,0
                  -0.311101,39.445957,0
                  -0.31125,39.445708,0
                  -0.311388,39.445441,0
                  -0.311488,39.445263,0
                  -0.311625,39.445014,0
                  -0.311737,39.444836,0
                  -0.311837,39.444659,0
                  -0.311987,39.444383,0
                  -0.312086,39.444223,0
                  -0.312234,39.443983,0
                  -0.312323,39.443787,0
                  -0.312423,39.4436,0
                  -0.312547,39.443414,0
                  -0.31266,39.443182,0
                  -0.312773,39.442978,0
                  -0.312798,39.442915,0
                  -0.312626,39.442857,0
                  -0.312443,39.442781,0
                  -0.312386,39.442761,0
                  -0.312351,39.442752,0
                  -0.312157,39.442675,0
                  -0.311917,39.442579,0
                  -0.311907,39.442534,0
                  -0.311897,39.442489,0
                  -0.311869,39.442317,0
                  -0.311862,39.442182,0
                  -0.311853,39.44211,0
                  -0.312121,39.442089,0
                  -0.312425,39.44206,0
                  -0.312786,39.442032,0
                  -0.313077,39.442003,0
                  -0.313403,39.441983,0
                  -0.313372,39.441893,0
                  -0.313375,39.441812,0
                  -0.313177,39.441834,0
                  -0.312943,39.441865,0
                  -0.312652,39.441885,0
                  -0.312442,39.441907,0
                  -0.312185,39.441937,0
                  -0.311929,39.441949,0
                  -0.311661,39.441988,0
                  -0.311393,39.442009,0
                  -0.311019,39.442045,0
                  -0.310705,39.442074,0
                  -0.31053,39.442088,0
                  -0.310437,39.442086,0
                  -0.310311,39.442326,0
                  -0.310237,39.442459,0
                  -0.310112,39.442682,0
                  -0.309974,39.44294,0
                  -0.309874,39.443118,0
                  -0.309762,39.443322,0
                  -0.30965,39.443518,0
                  -0.309561,39.443714,0
                  -0.309486,39.443847,0
                  -0.309373,39.444052,0
                  -0.309249,39.444274,0
                  -0.309124,39.444488,0
                  -0.309011,39.44471,0
                  -0.308912,39.44487,0
                  -0.308848,39.445022,0
                  -0.308724,39.445226,0
                  -0.308576,39.445448,0
                  -0.308453,39.445634,0
                  -0.308341,39.445821,0
                  -0.308169,39.446051,0
                  -0.308058,39.446229,0
                  -0.307898,39.44645,0
                  -0.307799,39.446628,0
                  -0.307664,39.446814,0
                  -0.307576,39.446974,0
                  -0.307552,39.44701,0
                  -0.307539,39.447027,0
                  -0.30749,39.447107,0
                  -0.307339,39.447104,0
                  -0.307095,39.447107,0
                  -0.306851,39.447101,0
                  -0.306514,39.447103,0
                  -0.306281,39.447106,0
                  -0.305968,39.447099,0
                  -0.305747,39.447103,0
                  -0.30541,39.447104,0
                  -0.305131,39.447097,0
                  -0.304934,39.447102,0
                  -0.30462,39.447095,0
                  -0.304376,39.447098,0
                  -0.304051,39.447099,0
                  -0.303889,39.447069,0
                  -0.303821,39.447022,0
                  -0.303788,39.446976,0
                  -0.303749,39.446777,0
                  -0.303746,39.446552,0
                  -0.303745,39.446299,0
                  -0.303752,39.446119,0
                  -0.303758,39.445948,0
                  -0.303766,39.445741,0
                  -0.303768,39.445696,0
                  -0.303942,39.445691,0
                  -0.303963,39.445746,0
                  -0.30408,39.44574,0
                  -0.304208,39.445734,0
                  -0.304205,39.445499,0
                  -0.30395,39.445502,0
                  -0.303947,39.445565,0
                  -0.303878,39.445555,0
                  -0.303785,39.445553,0
                  -0.303786,39.445535,0
                  -0.303786,39.445526,0
                  -0.303793,39.445346,0
                  -0.303788,39.445183,0
                  -0.303784,39.444967,0
                  -0.303789,39.44485,0
                  -0.303805,39.444742,0
                  -0.303468,39.444743,0
                  -0.303166,39.444736,0
                  -0.302876,39.44473,0
                  -0.302736,39.444735,0
                  -0.302597,39.444723,0
                  -0.302611,39.444669,0
                  -0.302606,39.444498,0
                  -0.302604,39.444237,0
                  -0.302612,39.444048,0
                  -0.302619,39.443841,0
                  -0.302622,39.44348,0
                  -0.302608,39.443237,0
                  -0.302618,39.442967,0
                  -0.302594,39.442696,0
                  -0.302615,39.442462,0
                  -0.302612,39.442219,0
                  -0.302611,39.441967,0
                  -0.302609,39.441706,0
                  -0.302716,39.441645,0
                  -0.302767,39.441538,0
                  -0.302689,39.441428,0
                  -0.302609,39.441399,0
                  -0.302602,39.440976,0
                  -0.30261,39.440769,0
                  -0.302585,39.440534,0
                  -0.302583,39.440264,0
                  -0.302582,39.439993,0
                  -0.302581,39.439714,0
                  -0.302592,39.439444,0
                  -0.302591,39.439174,0
                  -0.302589,39.438913,0
                  -0.302587,39.43866,0
                  -0.30259,39.4383,0
                  -0.302758,39.438151,0
                  -0.302623,39.43804,0
                  -0.302599,39.437751,0
                  -0.302597,39.437507,0
                  -0.302608,39.437228,0
                  -0.302618,39.436958,0
                  -0.302617,39.436679,0
                  -0.302628,39.436391,0
                  -0.302628,39.436112,0
                  -0.302627,39.435824,0
                  -0.302638,39.435554,0
                  -0.302637,39.435274,0
                  -0.302635,39.435013,0
                  -0.302645,39.43477,0
                  -0.30264,39.43459,0
                  -0.302765,39.434358,0
                  -0.303049,39.434239,0
                  -0.303206,39.434071,0
                  -0.303087,39.433843,0
                  -0.302742,39.433754,0
                  -0.302509,39.433758,0
                  -0.302404,39.433792,0
                  -0.302212,39.433931,0
                  -0.302133,39.434182,0
                  -0.302126,39.434362,0
                  -0.302117,39.434587,0
                  -0.302121,39.434794,0
                  -0.302124,39.435028,0
                  -0.302126,39.435253,0
                  -0.302118,39.435469,0
                  -0.302109,39.435694,0
                  -0.302101,39.43591,0
                  -0.302104,39.436127,0
                  -0.302096,39.436352,0
                  -0.302099,39.436577,0
                  -0.302089,39.43682,0
                  -0.302091,39.437063,0
                  -0.302094,39.437289,0
                  -0.302085,39.437523,0
                  -0.302087,39.437766,0
                  -0.30209,39.438,0
                  -0.302093,39.438234,0
                  -0.302095,39.438478,0
                  -0.302086,39.438712,0
                  -0.302088,39.438946,0
                  -0.302079,39.43918,0
                  -0.30207,39.439432,0
                  -0.30206,39.439666,0
                  -0.302051,39.4399,0
                  -0.302053,39.440152,0
                  -0.302056,39.440377,0
                  -0.302059,39.440612,0
                  -0.302049,39.440855,0
                  -0.302052,39.441089,0
                  -0.302055,39.441323,0
                  -0.302044,39.441593,0
                  -0.302037,39.441782,0
                  -0.30204,39.442008,0
                  -0.302042,39.44226,0
                  -0.302032,39.442494,0
                  -0.302047,39.44271,0
                  -0.302038,39.442953,0
                  -0.302041,39.443188,0
                  -0.302043,39.443413,0
                  -0.302023,39.443647,0
                  -0.30201,39.443989,0
                  -0.302014,39.444178,0
                  -0.302007,39.444367,0
                  -0.302009,39.444601,0
                  -0.30201,39.444872,0
                  -0.302003,39.44507,0
                  -0.302004,39.445349,0
                  -0.302008,39.445547,0
                  -0.302011,39.445746,0
                  -0.302012,39.446025,0
                  -0.302003,39.446259,0
                  -0.302004,39.446529,0
                  -0.302008,39.446736,0
                  -0.302012,39.446935,0
                  -0.302015,39.44716,0
                  -0.302017,39.447403,0
                  -0.302021,39.447602,0
                  -0.302024,39.447836,0
                  -0.302028,39.448034,0
                  -0.302031,39.448251,0
                  -0.302035,39.448458,0
                  -0.302015,39.448665,0
                  -0.302019,39.448863,0
                  -0.302034,39.449079,0
                  -0.301967,39.449312,0
                  -0.302093,39.44936,0
                  -0.302186,39.449362,0
                  -0.302234,39.449309,0
                  -0.302487,39.449387,0
                  -0.302739,39.449474,0
                  -0.302957,39.449542,0
                  -0.303198,39.449629,0
                  -0.303428,39.449697,0
                  -0.30368,39.449784,0
                  -0.303921,39.449862,0
                  -0.304139,39.449921,0
                  -0.304415,39.450009,0
                  -0.304645,39.450068,0
                  -0.304874,39.450145,0
                  -0.305104,39.450223,0
                  -0.305391,39.45032,0
                  -0.305609,39.450388,0
                  -0.305838,39.450474,0
                  -0.306114,39.450553,0
                  -0.306355,39.45063,0
                  -0.306642,39.450718,0
                  -0.306905,39.450814,0
                  -0.307181,39.450902,0
                  -0.307421,39.450988,0
                  -0.307502,39.450999,0
                  -0.307768,39.451033,0
                  -0.308046,39.451066,0
                  -0.308371,39.451074,0
                  -0.308627,39.451071,0
                  -0.308987,39.45107,0
                  -0.309289,39.451077,0
                  -0.309533,39.451074,0
                  -0.309846,39.451081,0
                  -0.310149,39.451079,0
                  -0.310497,39.451078,0
                  -0.310765,39.451075,0
                  -0.311044,39.451064,0
                  -0.311312,39.451052,0
                  -0.311589,39.451094,0
                  -0.311781,39.451234,0
                  -0.311984,39.451401,0
                  -0.318171,39.460337,0
                  -0.318269,39.460519,0
                  -0.318435,39.460721,0
                  -0.318601,39.460941,0
                  -0.318754,39.461188,0
                  -0.31892,39.461417,0
                  -0.31903,39.461591,0
                  -0.319151,39.461756,0
                  -0.319273,39.461921,0
                  -0.319406,39.462077,0
                  -0.319595,39.462307,0
                  -0.31975,39.46249,0
                  -0.319884,39.462656,0
                  -0.320041,39.462803,0
                  -0.320173,39.462996,0
                  -0.320217,39.463051,0
                  -0.320287,39.463052,0
                  -0.320566,39.46305,0
                  -0.320868,39.463048,0
                  -0.321205,39.463037,0
                  -0.321211,39.463191,0
                  -0.321261,39.463399,0
                  -0.321335,39.463896,0
                  -0.321379,39.464276,0
                  -0.321418,39.464475,0
                  -0.321473,39.464836,0
                  -0.321477,39.465035,0
                  -0.321527,39.465567,0
                  -0.321589,39.466064,0
                  -0.321635,39.466678,0
                  -0.321705,39.467274,0
                  -0.321747,39.467708,0
                  -0.321785,39.467916,0
                  -0.321843,39.468232,0
                  -0.321901,39.46854,0
                  -0.321939,39.468766,0
                  -0.322057,39.469309,0
                  -0.322129,39.46987,0
                  -0.322134,39.470329,0
                  -0.322149,39.470564,0
                  -0.322205,39.470907,0
                  -0.322227,39.47125,0
                  -0.322231,39.471457,0
                  -0.322245,39.471989,0
                  -0.322259,39.472548,0
                  -0.322299,39.473,0
                  -0.322337,39.473235,0
                  -0.32237,39.473569,0
                  -0.322404,39.473894,0
                  -0.322431,39.474102,0
                  -0.322497,39.474509,0
                  -0.322511,39.474561,0
                  -0.322548,39.474699,0
                  -0.322576,39.475168,0
                  -0.322647,39.475746,0
                  -0.322663,39.476251,0
                  -0.322712,39.476784,0
                  -0.322734,39.477424,0
                  -0.322746,39.478019,0
                  -0.322778,39.478407,0
                  -0.322794,39.478596,0
                  -0.322805,39.478912,0
                  -0.322828,39.479228,0
                  -0.322874,39.479526,0
                  -0.32291,39.479806,0
                  -0.322914,39.479996,0
                  -0.322946,39.480384,0
                  -0.322962,39.480582,0
                  -0.322982,39.480961,0
                  -0.322986,39.48115,0
                  -0.323048,39.481665,0
                  -0.323053,39.482134,0
                  -0.323066,39.482702,0
                  -0.323091,39.48327,0
                  -0.323139,39.483532,0
                  -0.323177,39.483767,0
                  -0.323203,39.484281,0
                  -0.323214,39.484687,0
                  -0.323527,39.484622,0
                  -0.324078,39.484509,0
                  -0.324743,39.484461,0
                  -0.326789,39.484463,0
                  -0.327545,39.484445,0
                  -0.330069,39.485332,0
                  -0.331042,39.486021,0
                  -0.331467,39.486148,0
                  -0.331911,39.48641,0
                  -0.333989,39.487692,0
                  -0.33541,39.487328,0
                  -0.335687,39.487064,0
                  -0.335923,39.486691,0
                  -0.336262,39.486321,0
                  -0.336772,39.486053,0
                  -0.337406,39.485915,0
                  -0.339688,39.486129,0
                  -0.341035,39.486466,0
                  -0.342088,39.486896,0
                  -0.342779,39.48706,0
                  -0.342803,39.487066,0
                  -0.343655,39.487283,0
                  -0.344369,39.487759,0
                  -0.346359,39.488309,0
                  -0.348196,39.488621,0
                  -0.349134,39.488715,0
                  -0.349936,39.488724,0
                  -0.350122,39.488728,0
                  -0.350525,39.488819,0
                  -0.351797,39.489316,0
                </coordinates>
              </LinearRing>
            </outerBoundaryIs>
          </Polygon>
          <Polygon>
            <outerBoundaryIs>
              <LinearRing>
                <tessellate>1</tessellate>
                <coordinates>
                  -0.332136,39.551927,0
                  -0.334285,39.552022,0
                  -0.334532,39.551946,0
                  -0.3347,39.551833,0
                  -0.334871,39.551603,0
                  -0.335104,39.551302,0
                  -0.335728,39.551109,0
                  -0.336158,39.551119,0
                  -0.336909,39.550965,0
                  -0.337514,39.550961,0
                  -0.33828,39.551023,0
                  -0.340003,39.548243,0
                  -0.342078,39.549065,0
                  -0.342869,39.54939,0
                  -0.343859,39.547529,0
                  -0.34318,39.547334,0
                  -0.34302,39.547258,0
                  -0.34255,39.547076,0
                  -0.34102,39.546302,0
                  -0.340703,39.546079,0
                  -0.340521,39.545967,0
                  -0.339124,39.545385,0
                  -0.338669,39.544798,0
                  -0.338517,39.544515,0
                  -0.338156,39.54421,0
                  -0.33781,39.543229,0
                  -0.337367,39.542642,0
                  -0.337307,39.542389,0
                  -0.3375,39.5416,0
                  -0.337648,39.541369,0
                  -0.338732,39.541619,0
                  -0.3399,39.541808,0
                  -0.340342,39.54181,0
                  -0.340683,39.541727,0
                  -0.34091,39.541561,0
                  -0.341088,39.541178,0
                  -0.341176,39.540702,0
                  -0.341148,39.540206,0
                  -0.340962,39.539599,0
                  -0.339731,39.537715,0
                  -0.339502,39.537619,0
                  -0.338627,39.537689,0
                  -0.338302,39.537655,0
                  -0.338108,39.537569,0
                  -0.337807,39.53722,0
                  -0.337378,39.536868,0
                  -0.336729,39.536502,0
                  -0.33586,39.536112,0
                  -0.335148,39.535853,0
                  -0.334354,39.535627,0
                  -0.334063,39.535639,0
                  -0.333792,39.535731,0
                  -0.33361,39.535925,0
                  -0.333519,39.536176,0
                  -0.33347,39.537138,0
                  -0.333363,39.537208,0
                  -0.331782,39.536559,0
                  -0.331288,39.536413,0
                  -0.331068,39.53639,0
                  -0.330754,39.536977,0
                  -0.330672,39.537308,0
                  -0.330729,39.537625,0
                  -0.330871,39.537881,0
                  -0.331096,39.538075,0
                  -0.332255,39.538498,0
                  -0.333793,39.539038,0
                  -0.333906,39.53913,0
                  -0.33317,39.540131,0
                  -0.332989,39.540289,0
                  -0.332797,39.540745,0
                  -0.332738,39.541365,0
                  -0.333082,39.541823,0
                  -0.33402,39.542241,0
                  -0.333848,39.542471,0
                  -0.333355,39.543505,0
                  -0.332912,39.544729,0
                  -0.332479,39.545701,0
                  -0.332204,39.545893,0
                  -0.331934,39.54595,0
                  -0.331242,39.545501,0
                  -0.330748,39.545337,0
                  -0.32972,39.545133,0
                  -0.329612,39.54523,0
                  -0.329694,39.545826,0
                  -0.329644,39.546203,0
                  -0.329726,39.546485,0
                  -0.330295,39.546831,0
                  -0.331342,39.547134,0
                  -0.331523,39.547283,0
                  -0.332091,39.547944,0
                  -0.33296,39.54864,0
                  -0.333439,39.548894,0
                  -0.334588,39.54929,0
                  -0.334533,39.549487,0
                  -0.334085,39.55026,0
                  -0.333896,39.550328,0
                  -0.333461,39.550147,0
                  -0.333136,39.550112,0
                  -0.332823,39.550385,0
                  -0.332727,39.550779,0
                  -0.332647,39.551038,0
                  -0.332136,39.551927,0
                </coordinates>
              </LinearRing>
            </outerBoundaryIs>
          </Polygon>
          <Polygon>
            <outerBoundaryIs>
              <LinearRing>
                <tessellate>1</tessellate>
                <coordinates>
                  -0.299964,39.560832,0
                  -0.300342,39.561003,0
                  -0.301124,39.561535,0
                  -0.302078,39.561836,0
                  -0.302899,39.562297,0
                  -0.303272,39.562566,0
                  -0.303604,39.562709,0
                  -0.307543,39.563783,0
                  -0.308278,39.564043,0
                  -0.309203,39.564506,0
                  -0.309599,39.564794,0
                  -0.309931,39.564928,0
                  -0.310749,39.565154,0
                  -0.313809,39.565775,0
                  -0.314534,39.56599,0
                  -0.315597,39.566194,0
                  -0.315996,39.566113,0
                  -0.316529,39.565864,0
                  -0.316626,39.565777,0
                  -0.318257,39.564229,0
                  -0.319442,39.562472,0
                  -0.320212,39.561508,0
                  -0.320265,39.561347,0
                  -0.318641,39.560598,0
                  -0.318421,39.560557,0
                  -0.318129,39.560604,0
                  -0.317728,39.56073,0
                  -0.317539,39.560798,0
                  -0.317215,39.560745,0
                  -0.314902,39.559764,0
                  -0.311927,39.558146,0
                  -0.311415,39.557548,0
                  -0.311359,39.557493,0
                  -0.311042,39.557251,0
                  -0.310014,39.55675,0
                  -0.308481,39.556084,0
                  -0.308366,39.556045,0
                  -0.308219,39.555925,0
                  -0.308072,39.555822,0
                  -0.307884,39.555259,0
                  -0.307686,39.554966,0
                  -0.307326,39.554643,0
                  -0.306607,39.554284,0
                  -0.298451,39.550653,0
                  -0.298279,39.550586,0
                  -0.296008,39.549616,0
                  -0.29594,39.549676,0
                  -0.295724,39.549851,0
                  -0.295544,39.549991,0
                  -0.29533,39.550103,0
                  -0.294985,39.550293,0
                  -0.294555,39.550301,0
                  -0.29419,39.550103,0
                  -0.29394,39.549935,0
                  -0.29361,39.549756,0
                  -0.293223,39.54954,0
                  -0.293007,39.549409,0
                  -0.292802,39.549278,0
                  -0.292451,39.549036,0
                  -0.292235,39.548896,0
                  -0.291994,39.548818,0
                  -0.291802,39.548958,0
                  -0.291655,39.549161,0
                  -0.291913,39.549095,0
                  -0.29215,39.548993,0
                  -0.292343,39.549132,0
                  -0.292673,39.54932,0
                  -0.2929,39.54947,0
                  -0.293161,39.54962,0
                  -0.293365,39.549769,0
                  -0.29375,39.550039,0
                  -0.29393,39.550214,0
                  -0.293894,39.55052,0
                  -0.293863,39.550726,0
                  -0.293794,39.550995,0
                  -0.29374,39.551201,0
                  -0.293627,39.551414,0
                  -0.293515,39.551592,0
                  -0.293272,39.551857,0
                  -0.293104,39.551988,0
                  -0.292901,39.552136,0
                  -0.292709,39.552276,0
                  -0.292529,39.552407,0
                  -0.292279,39.552554,0
                  -0.29202,39.552638,0
                  -0.291813,39.55257,0
                  -0.291495,39.552383,0
                  -0.291256,39.552233,0
                  -0.290938,39.552027,0
                  -0.290858,39.552008,0
                  -0.290775,39.552042,0
                  -0.29082,39.552079,0
                  -0.291013,39.552191,0
                  -0.291217,39.552331,0
                  -0.29141,39.552471,0
                  -0.291613,39.55262,0
                  -0.291817,39.552769,0
                  -0.291752,39.552947,0
                  -0.291662,39.553161,0
                  -0.291515,39.553365,0
                  -0.291404,39.553525,0
                  -0.291245,39.55371,0
                  -0.291063,39.553895,0
                  -0.290882,39.554071,0
                  -0.2907,39.554256,0
                  -0.290498,39.554377,0
                  -0.290236,39.554534,0
                  -0.290009,39.554663,0
                  -0.289796,39.554757,0
                  -0.289703,39.554764,0
                  -0.289635,39.554709,0
                  -0.289442,39.554596,0
                  -0.289077,39.554398,0
                  -0.288873,39.554267,0
                  -0.288543,39.554062,0
                  -0.288463,39.554042,0
                  -0.288403,39.554067,0
                  -0.288448,39.554113,0
                  -0.288517,39.554151,0
                  -0.288721,39.554291,0
                  -0.288982,39.554459,0
                  -0.28922,39.554609,0
                  -0.289401,39.554739,0
                  -0.289433,39.554812,0
                  -0.289371,39.55491,0
                  -0.289259,39.555105,0
                  -0.289136,39.555283,0
                  -0.288978,39.55545,0
                  -0.288878,39.555637,0
                  -0.288754,39.555823,0
                  -0.288571,39.556053,0
                  -0.288513,39.556128,0
                  -0.289443,39.55665,0
                  -0.29194,39.557979,0
                  -0.293601,39.558666,0
                  -0.2962,39.559465,0
                  -0.296257,39.559494,0
                  -0.298229,39.560269,0
                  -0.299964,39.560832,0
                </coordinates>
              </LinearRing>
            </outerBoundaryIs>
          </Polygon>
        </MultiGeometry>
      </Placemark>
      <Placemark>
        <name>Zona El Saler (Sur)</name>
        <description><![CDATA[descripción: Parque: Saler<br>Coopera: Sur<br>Parque: Saler<br>Coopera: Sur<br>CaseTypeID: 1104<br>CTypeArea: BMV-SAL1<br>AreaName: El Saler (Sur)]]></description>
        <styleUrl>#icon-1899-AFB42B-labelson</styleUrl>
        <ExtendedData>
          <Data name="descripción">
            <value>Parque: Saler
Coopera: Sur</value>
          </Data>
          <Data name="Parque">
            <value>Saler</value>
          </Data>
          <Data name="Coopera">
            <value>Sur</value>
          </Data>
          <Data name="CaseTypeID">
            <value>1104</value>
          </Data>
          <Data name="CTypeArea">
            <value>BMV-SAL1</value>
          </Data>
          <Data name="AreaName">
            <value>El Saler (Sur)</value>
          </Data>
        </ExtendedData>
        <MultiGeometry>
          <Point>
            <coordinates>
              -0.349045,39.352667,0
            </coordinates>
          </Point>
          <Polygon>
            <outerBoundaryIs>
              <LinearRing>
                <tessellate>1</tessellate>
                <coordinates>
                  -0.333283,39.422201,0
                  -0.333514,39.422251,0
                  -0.333731,39.422346,0
                  -0.333887,39.422512,0
                  -0.334063,39.422777,0
                  -0.334228,39.423006,0
                  -0.334335,39.423243,0
                  -0.334326,39.423486,0
                  -0.334277,39.423548,0
                  -0.334222,39.42379,0
                  -0.334165,39.423846,0
                  -0.334531,39.423986,0
                  -0.33506,39.42418,0
                  -0.337362,39.425045,0
                  -0.339437,39.425823,0
                  -0.340854,39.426355,0
                  -0.341941,39.426763,0
                  -0.341974,39.426613,0
                  -0.342171,39.424558,0
                  -0.342258,39.42366,0
                  -0.342366,39.422534,0
                  -0.342135,39.421128,0
                  -0.343598,39.421152,0
                  -0.344741,39.421202,0
                  -0.34619,39.421356,0
                  -0.349167,39.422,0
                  -0.349943,39.422123,0
                  -0.349854,39.4214,0
                  -0.349241,39.416729,0
                  -0.349432,39.415085,0
                  -0.35031,39.407903,0
                  -0.350358,39.407512,0
                  -0.350661,39.401951,0
                  -0.350429,39.401036,0
                  -0.348835,39.398964,0
                  -0.346403,39.396971,0
                  -0.34603,39.396098,0
                  -0.345891,39.39578,0
                  -0.345474,39.394833,0
                  -0.345351,39.394704,0
                  -0.344803,39.39416,0
                  -0.344675,39.393554,0
                  -0.344568,39.393326,0
                  -0.343506,39.39132,0
                  -0.341617,39.389097,0
                  -0.33837,39.386247,0
                  -0.338055,39.385682,0
                  -0.336476,39.382943,0
                  -0.334341,39.379236,0
                  -0.333049,39.374774,0
                  -0.332978,39.374511,0
                  -0.331077,39.368027,0
                  -0.330143,39.364834,0
                  -0.330318,39.364811,0
                  -0.33104,39.364756,0
                  -0.332463,39.368203,0
                  -0.334274,39.368217,0
                  -0.337074,39.37302,0
                  -0.33878,39.37241,0
                  -0.343134,39.370853,0
                  -0.341119,39.366744,0
                  -0.342106,39.366442,0
                  -0.344125,39.365821,0
                  -0.34727,39.369821,0
                  -0.348203,39.369392,0
                  -0.351332,39.367986,0
                  -0.35184,39.367754,0
                  -0.351621,39.367092,0
                  -0.353217,39.366011,0
                  -0.354194,39.365348,0
                  -0.355734,39.364825,0
                  -0.357296,39.364329,0
                  -0.357984,39.364263,0
                  -0.360916,39.363744,0
                  -0.361044,39.363729,0
                  -0.360772,39.362651,0
                  -0.360638,39.362189,0
                  -0.362652,39.360487,0
                  -0.363635,39.359644,0
                  -0.370219,39.362315,0
                  -0.371987,39.359121,0
                  -0.373496,39.358489,0
                  -0.373708,39.358403,0
                  -0.37528,39.357961,0
                  -0.376827,39.357861,0
                  -0.378019,39.357654,0
                  -0.378302,39.357534,0
                  -0.379457,39.35674,0
                  -0.380013,39.356464,0
                  -0.380717,39.356237,0
                  -0.380903,39.356241,0
                  -0.381839,39.356046,0
                  -0.382181,39.355883,0
                  -0.382685,39.355443,0
                  -0.38273,39.354868,0
                  -0.382737,39.354661,0
                  -0.382643,39.354379,0
                  -0.383255,39.35415,0
                  -0.383891,39.353912,0
                  -0.385253,39.353177,0
                  -0.385287,39.352565,0
                  -0.386272,39.351677,0
                  -0.385998,39.350608,0
                  -0.38628,39.349272,0
                  -0.386154,39.347981,0
                  -0.3864,39.347608,0
                  -0.386543,39.346881,0
                  -0.386629,39.346442,0
                  -0.386746,39.343625,0
                  -0.388112,39.343079,0
                  -0.38802,39.340563,0
                  -0.388208,39.340504,0
                  -0.388748,39.340345,0
                  -0.389675,39.340069,0
                  -0.390572,39.339954,0
                  -0.391069,39.339686,0
                  -0.390801,39.339418,0
                  -0.39077,39.33931,0
                  -0.390642,39.339009,0
                  -0.391043,39.338523,0
                  -0.391581,39.3384,0
                  -0.393172,39.338057,0
                  -0.394457,39.336572,0
                  -0.394679,39.336208,0
                  -0.392476,39.335564,0
                  -0.392898,39.334799,0
                  -0.396805,39.335508,0
                  -0.397676,39.33423,0
                  -0.397796,39.3338,0
                  -0.396836,39.333427,0
                  -0.396566,39.333178,0
                  -0.396347,39.332524,0
                  -0.39634,39.332092,0
                  -0.398842,39.331877,0
                  -0.398427,39.329292,0
                  -0.396663,39.329315,0
                  -0.395605,39.326256,0
                  -0.394486,39.323303,0
                  -0.391781,39.323035,0
                  -0.391495,39.321065,0
                  -0.391252,39.31887,0
                  -0.390902,39.315817,0
                  -0.390812,39.315113,0
                  -0.38973,39.315215,0
                  -0.385428,39.316442,0
                  -0.384945,39.317251,0
                  -0.384735,39.317607,0
                  -0.384287,39.317471,0
                  -0.381535,39.316652,0
                  -0.376793,39.312266,0
                  -0.378381,39.311662,0
                  -0.380084,39.311088,0
                  -0.377511,39.310111,0
                  -0.376041,39.307565,0
                  -0.375494,39.307309,0
                  -0.371005,39.307631,0
                  -0.367824,39.307749,0
                  -0.367309,39.307259,0
                  -0.367493,39.30666,0
                  -0.364686,39.305155,0
                  -0.363189,39.306419,0
                  -0.361764,39.305765,0
                  -0.361094,39.306632,0
                  -0.359187,39.306769,0
                  -0.356153,39.311889,0
                  -0.35593,39.312263,0
                  -0.354201,39.311674,0
                  -0.35307,39.311207,0
                  -0.350247,39.311043,0
                  -0.347554,39.315396,0
                  -0.347427,39.315403,0
                  -0.337896,39.316239,0
                  -0.337175,39.316303,0
                  -0.33687,39.314549,0
                  -0.335825,39.314597,0
                  -0.334077,39.31725,0
                  -0.332978,39.315667,0
                  -0.332078,39.314925,0
                  -0.329313,39.313222,0
                  -0.328877,39.313086,0
                  -0.328298,39.313082,0
                  -0.327213,39.313246,0
                  -0.323441,39.313925,0
                  -0.322592,39.314005,0
                  -0.322238,39.313843,0
                  -0.321868,39.31351,0
                  -0.321168,39.312422,0
                  -0.320774,39.312098,0
                  -0.320122,39.311858,0
                  -0.320018,39.311846,0
                  -0.318478,39.311793,0
                  -0.318695,39.307627,0
                  -0.318533,39.306416,0
                  -0.318396,39.304521,0
                  -0.318224,39.303255,0
                  -0.317926,39.303177,0
                  -0.317252,39.303197,0
                  -0.316596,39.303371,0
                  -0.315066,39.303966,0
                  -0.314676,39.303849,0
                  -0.314175,39.303612,0
                  -0.313609,39.303572,0
                  -0.312818,39.303626,0
                  -0.312291,39.303461,0
                  -0.308982,39.301456,0
                  -0.30561,39.299279,0
                  -0.305102,39.298619,0
                  -0.303514,39.295888,0
                  -0.302598,39.294687,0
                  -0.297223,39.288535,0
                  -0.296479,39.28768,0
                  -0.296213,39.287386,0
                  -0.295743,39.286942,0
                  -0.294869,39.286147,0
                  -0.294459,39.285651,0
                  -0.293848,39.284962,0
                  -0.29298,39.28404,0
                  -0.292662,39.283862,0
                  -0.292457,39.283758,0
                  -0.291604,39.28363,0
                  -0.2914,39.283517,0
                  -0.291634,39.283153,0
                  -0.291051,39.28295,0
                  -0.288327,39.282031,0
                  -0.284844,39.280977,0
                  -0.282122,39.280319,0
                  -0.28186,39.280223,0
                  -0.281493,39.280106,0
                  -0.279707,39.279524,0
                  -0.279283,39.279397,0
                  -0.277298,39.279179,0
                  -0.276198,39.279144,0
                  -0.27483,39.279047,0
                  -0.274522,39.279033,0
                  -0.274128,39.279024,0
                  -0.273769,39.279015,0
                  -0.273468,39.279008,0
                  -0.27318,39.278956,0
                  -0.272952,39.27887,0
                  -0.272839,39.278795,0
                  -0.272613,39.278637,0
                  -0.272453,39.27857,0
                  -0.272428,39.278632,0
                  -0.272461,39.278678,0
                  -0.272516,39.278752,0
                  -0.272695,39.278918,0
                  -0.272797,39.278983,0
                  -0.2729,39.279013,0
                  -0.273176,39.279073,0
                  -0.273417,39.279115,0
                  -0.273729,39.27914,0
                  -0.274031,39.279147,0
                  -0.274309,39.279145,0
                  -0.274541,39.279141,0
                  -0.274783,39.279165,0
                  -0.274864,39.279185,0
                  -0.274931,39.279241,0
                  -0.274985,39.279341,0
                  -0.275114,39.279596,0
                  -0.275277,39.279879,0
                  -0.275454,39.280109,0
                  -0.27562,39.28032,0
                  -0.275737,39.280584,0
                  -0.275875,39.280902,0
                  -0.276026,39.281185,0
                  -0.276214,39.281442,0
                  -0.27641,39.281744,0
                  -0.276562,39.282017,0
                  -0.276704,39.282255,0
                  -0.276867,39.28252,0
                  -0.277064,39.28284,0
                  -0.277272,39.283142,0
                  -0.277458,39.283426,0
                  -0.277654,39.283746,0
                  -0.277763,39.283928,0
                  -0.277872,39.284102,0
                  -0.278082,39.284377,0
                  -0.278247,39.284597,0
                  -0.278331,39.284834,0
                  -0.278482,39.285125,0
                  -0.278668,39.285418,0
                  -0.278777,39.285592,0
                  -0.278897,39.285793,0
                  -0.279028,39.286003,0
                  -0.279159,39.286195,0
                  -0.27928,39.28636,0
                  -0.279467,39.286617,0
                  -0.279597,39.286854,0
                  -0.279793,39.287192,0
                  -0.279979,39.287467,0
                  -0.280189,39.287742,0
                  -0.280351,39.288043,0
                  -0.280437,39.288225,0
                  -0.280576,39.288526,0
                  -0.280676,39.288636,0
                  -0.280888,39.288857,0
                  -0.281064,39.289105,0
                  -0.281238,39.289397,0
                  -0.281379,39.289634,0
                  -0.281545,39.289846,0
                  -0.281728,39.29021,0
                  -0.281837,39.290384,0
                  -0.28197,39.29054,0
                  -0.282193,39.290771,0
                  -0.282335,39.291008,0
                  -0.282409,39.291181,0
                  -0.282472,39.291363,0
                  -0.282546,39.291536,0
                  -0.282698,39.291809,0
                  -0.282861,39.292083,0
                  -0.283033,39.292439,0
                  -0.28313,39.292621,0
                  -0.283281,39.292931,0
                  -0.283443,39.293241,0
                  -0.283551,39.293433,0
                  -0.283671,39.293634,0
                  -0.283769,39.293798,0
                  -0.283921,39.294063,0
                  -0.284061,39.294346,0
                  -0.28421,39.294673,0
                  -0.284327,39.294955,0
                  -0.284447,39.295156,0
                  -0.284544,39.295339,0
                  -0.284697,39.295586,0
                  -0.284896,39.295834,0
                  -0.285027,39.296053,0
                  -0.285166,39.296335,0
                  -0.285318,39.2966,0
                  -0.285472,39.296838,0
                  -0.285625,39.297076,0
                  -0.285765,39.297349,0
                  -0.285814,39.297576,0
                  -0.285808,39.297729,0
                  -0.285839,39.29782,0
                  -0.285968,39.298093,0
                  -0.286119,39.298376,0
                  -0.28633,39.298633,0
                  -0.286517,39.298889,0
                  -0.286702,39.299191,0
                  -0.286831,39.299473,0
                  -0.286926,39.29971,0
                  -0.287054,39.300001,0
                  -0.287215,39.300329,0
                  -0.287367,39.300594,0
                  -0.28752,39.300832,0
                  -0.287661,39.301078,0
                  -0.287815,39.301298,0
                  -0.287936,39.301481,0
                  -0.288069,39.301646,0
                  -0.288189,39.301829,0
                  -0.288318,39.302084,0
                  -0.288469,39.302385,0
                  -0.288565,39.302613,0
                  -0.288694,39.302868,0
                  -0.288879,39.303179,0
                  -0.289077,39.303444,0
                  -0.289209,39.303646,0
                  -0.289292,39.3039,0
                  -0.289354,39.3041,0
                  -0.289462,39.304291,0
                  -0.28956,39.304474,0
                  -0.289701,39.304711,0
                  -0.289821,39.304912,0
                  -0.289974,39.305159,0
                  -0.290083,39.305333,0
                  -0.290179,39.305542,0
                  -0.29031,39.30577,0
                  -0.290418,39.305953,0
                  -0.290516,39.306127,0
                  -0.290602,39.306309,0
                  -0.290709,39.306545,0
                  -0.290863,39.306747,0
                  -0.291007,39.306922,0
                  -0.291127,39.307114,0
                  -0.291246,39.307333,0
                  -0.291343,39.307542,0
                  -0.291393,39.307733,0
                  -0.291478,39.307942,0
                  -0.291475,39.308014,0
                  -0.291478,39.308248,0
                  -0.291522,39.308312,0
                  -0.291589,39.308377,0
                  -0.291668,39.308433,0
                  -0.291894,39.308591,0
                  -0.292058,39.308838,0
                  -0.292165,39.309084,0
                  -0.292272,39.309294,0
                  -0.292335,39.309475,0
                  -0.292385,39.309684,0
                  -0.292459,39.309874,0
                  -0.2926,39.31013,0
                  -0.292708,39.310322,0
                  -0.292838,39.310559,0
                  -0.293001,39.310851,0
                  -0.293143,39.311088,0
                  -0.293263,39.311271,0
                  -0.29338,39.311535,0
                  -0.293455,39.311717,0
                  -0.293629,39.312001,0
                  -0.293749,39.312193,0
                  -0.293846,39.312402,0
                  -0.293942,39.312603,0
                  -0.294009,39.312676,0
                  -0.294176,39.312851,0
                  -0.294197,39.312915,0
                  -0.29428,39.313178,0
                  -0.294385,39.313442,0
                  -0.294516,39.31367,0
                  -0.294624,39.31388,0
                  -0.294806,39.314262,0
                  -0.294933,39.314572,0
                  -0.295028,39.314835,0
                  -0.295157,39.315099,0
                  -0.295264,39.315309,0
                  -0.295326,39.315518,0
                  -0.295455,39.315782,0
                  -0.295596,39.316028,0
                  -0.295739,39.316248,0
                  -0.295882,39.316449,0
                  -0.296001,39.316668,0
                  -0.296117,39.316959,0
                  -0.296245,39.317242,0
                  -0.296365,39.317452,0
                  -0.29652,39.317644,0
                  -0.296661,39.317891,0
                  -0.29679,39.318164,0
                  -0.296885,39.31841,0
                  -0.296991,39.318664,0
                  -0.297142,39.318965,0
                  -0.297261,39.319175,0
                  -0.297358,39.319376,0
                  -0.297454,39.319585,0
                  -0.297552,39.319749,0
                  -0.297606,39.319859,0
                  -0.297593,39.319903,0
                  -0.297556,39.319957,0
                  -0.297396,39.320178,0
                  -0.297404,39.320286,0
                  -0.297497,39.320568,0
                  -0.297628,39.320796,0
                  -0.297771,39.320998,0
                  -0.29788,39.32118,0
                  -0.298032,39.321436,0
                  -0.298175,39.321647,0
                  -0.298295,39.32183,0
                  -0.298428,39.322013,0
                  -0.298604,39.32226,0
                  -0.298789,39.322571,0
                  -0.298964,39.322836,0
                  -0.299107,39.323047,0
                  -0.299236,39.323311,0
                  -0.299299,39.323484,0
                  -0.29945,39.323766,0
                  -0.29957,39.323976,0
                  -0.299699,39.324232,0
                  -0.29985,39.324541,0
                  -0.300002,39.324806,0
                  -0.30011,39.324998,0
                  -0.300241,39.325235,0
                  -0.300369,39.325508,0
                  -0.300476,39.325754,0
                  -0.30055,39.325945,0
                  -0.300646,39.326145,0
                  -0.300831,39.326474,0
                  -0.300972,39.326712,0
                  -0.301103,39.326931,0
                  -0.301253,39.327259,0
                  -0.301405,39.327523,0
                  -0.301536,39.327743,0
                  -0.301645,39.327925,0
                  -0.30175,39.328216,0
                  -0.301877,39.328525,0
                  -0.302019,39.328763,0
                  -0.302126,39.328999,0
                  -0.302243,39.329254,0
                  -0.30234,39.329455,0
                  -0.302447,39.329683,0
                  -0.302545,39.329856,0
                  -0.302686,39.330121,0
                  -0.302805,39.330349,0
                  -0.302914,39.330522,0
                  -0.302999,39.330713,0
                  -0.303115,39.331022,0
                  -0.303232,39.331295,0
                  -0.303351,39.331523,0
                  -0.303469,39.33176,0
                  -0.303597,39.332052,0
                  -0.303716,39.33228,0
                  -0.303857,39.332535,0
                  -0.304008,39.332836,0
                  -0.304147,39.333145,0
                  -0.304254,39.333373,0
                  -0.304276,39.333419,0
                  -0.304297,39.333455,0
                  -0.304405,39.333665,0
                  -0.304479,39.333856,0
                  -0.304609,39.334111,0
                  -0.304692,39.334347,0
                  -0.304799,39.334584,0
                  -0.304896,39.334775,0
                  -0.305028,39.334967,0
                  -0.305102,39.335158,0
                  -0.30522,39.335413,0
                  -0.305315,39.335659,0
                  -0.305401,39.335823,0
                  -0.30551,39.336015,0
                  -0.305618,39.336224,0
                  -0.305724,39.336479,0
                  -0.30581,39.33667,0
                  -0.305917,39.336898,0
                  -0.305988,39.337152,0
                  -0.30605,39.33736,0
                  -0.306136,39.337534,0
                  -0.306209,39.337742,0
                  -0.306294,39.337961,0
                  -0.306365,39.338214,0
                  -0.306437,39.33845,0
                  -0.306542,39.338732,0
                  -0.306626,39.338977,0
                  -0.306732,39.339241,0
                  -0.306826,39.339495,0
                  -0.306943,39.339768,0
                  -0.307029,39.339959,0
                  -0.307126,39.34016,0
                  -0.307232,39.340424,0
                  -0.307325,39.340705,0
                  -0.307432,39.340951,0
                  -0.307483,39.341132,0
                  -0.307568,39.341332,0
                  -0.307642,39.341514,0
                  -0.307783,39.341779,0
                  -0.3079,39.342043,0
                  -0.307996,39.342261,0
                  -0.308126,39.342516,0
                  -0.308246,39.342717,0
                  -0.308388,39.342946,0
                  -0.308471,39.343191,0
                  -0.308566,39.343445,0
                  -0.308628,39.343627,0
                  -0.308782,39.343865,0
                  -0.308867,39.344047,0
                  -0.308975,39.344266,0
                  -0.30907,39.344502,0
                  -0.309211,39.344767,0
                  -0.309308,39.344967,0
                  -0.309439,39.345186,0
                  -0.309556,39.345441,0
                  -0.309685,39.345714,0
                  -0.309757,39.345968,0
                  -0.309827,39.346258,0
                  -0.30991,39.346503,0
                  -0.310074,39.346777,0
                  -0.310192,39.347014,0
                  -0.310344,39.347297,0
                  -0.310442,39.347471,0
                  -0.310571,39.347717,0
                  -0.310666,39.347962,0
                  -0.310784,39.348217,0
                  -0.310949,39.348464,0
                  -0.311057,39.348656,0
                  -0.311177,39.348866,0
                  -0.311251,39.349057,0
                  -0.311347,39.349275,0
                  -0.311419,39.349511,0
                  -0.311516,39.34972,0
                  -0.311601,39.349921,0
                  -0.311728,39.35023,0
                  -0.311779,39.350411,0
                  -0.311865,39.350602,0
                  -0.31194,39.350748,0
                  -0.312059,39.350985,0
                  -0.312187,39.351267,0
                  -0.312315,39.351577,0
                  -0.312412,39.351768,0
                  -0.312496,39.351977,0
                  -0.312603,39.352214,0
                  -0.3127,39.352423,0
                  -0.312786,39.352606,0
                  -0.31287,39.352824,0
                  -0.312955,39.353033,0
                  -0.31304,39.353242,0
                  -0.313169,39.353497,0
                  -0.313287,39.353743,0
                  -0.313372,39.35397,0
                  -0.313434,39.354161,0
                  -0.313515,39.35446,0
                  -0.313577,39.35466,0
                  -0.313651,39.35486,0
                  -0.3137,39.355077,0
                  -0.313772,39.35534,0
                  -0.313834,39.355531,0
                  -0.313907,39.355739,0
                  -0.314047,39.356022,0
                  -0.314132,39.35624,0
                  -0.314294,39.35655,0
                  -0.314412,39.356787,0
                  -0.314507,39.357042,0
                  -0.314592,39.357242,0
                  -0.314677,39.35746,0
                  -0.314795,39.357706,0
                  -0.314911,39.358006,0
                  -0.314984,39.358215,0
                  -0.315112,39.358506,0
                  -0.315206,39.358787,0
                  -0.315279,39.359005,0
                  -0.315353,39.359187,0
                  -0.31544,39.359351,0
                  -0.315535,39.359588,0
                  -0.315619,39.359824,0
                  -0.315714,39.36006,0
                  -0.315818,39.360378,0
                  -0.31588,39.360587,0
                  -0.315942,39.360786,0
                  -0.316014,39.361022,0
                  -0.316086,39.361267,0
                  -0.316181,39.361503,0
                  -0.316286,39.361785,0
                  -0.316372,39.361976,0
                  -0.316444,39.362203,0
                  -0.316494,39.362421,0
                  -0.316578,39.362657,0
                  -0.316675,39.362857,0
                  -0.316736,39.363084,0
                  -0.316774,39.363292,0
                  -0.316824,39.363509,0
                  -0.316921,39.363701,0
                  -0.317041,39.363911,0
                  -0.317159,39.364157,0
                  -0.31721,39.364347,0
                  -0.317282,39.364565,0
                  -0.317355,39.364801,0
                  -0.31745,39.365046,0
                  -0.317545,39.365274,0
                  -0.317618,39.3655,0
                  -0.31769,39.365745,0
                  -0.317741,39.365936,0
                  -0.317849,39.366136,0
                  -0.317933,39.366354,0
                  -0.31796,39.366562,0
                  -0.318022,39.366771,0
                  -0.318128,39.367044,0
                  -0.318201,39.367253,0
                  -0.318286,39.367444,0
                  -0.318408,39.367609,0
                  -0.318552,39.367792,0
                  -0.318648,39.368011,0
                  -0.318674,39.368236,0
                  -0.318734,39.36849,0
                  -0.318804,39.368771,0
                  -0.318855,39.36897,0
                  -0.318929,39.369161,0
                  -0.319002,39.369352,0
                  -0.319058,39.369407,0
                  -0.319202,39.369609,0
                  -0.319274,39.369836,0
                  -0.319358,39.370063,0
                  -0.319429,39.370326,0
                  -0.319524,39.370589,0
                  -0.319633,39.370763,0
                  -0.319705,39.370999,0
                  -0.31978,39.371181,0
                  -0.319864,39.371417,0
                  -0.31997,39.371672,0
                  -0.320056,39.371854,0
                  -0.320152,39.372063,0
                  -0.320213,39.37229,0
                  -0.320263,39.372507,0
                  -0.320324,39.372743,0
                  -0.320396,39.372961,0
                  -0.320502,39.373233,0
                  -0.320588,39.373424,0
                  -0.320625,39.373651,0
                  -0.320697,39.373895,0
                  -0.320815,39.374159,0
                  -0.320889,39.37435,0
                  -0.320961,39.374577,0
                  -0.321034,39.374813,0
                  -0.321151,39.375086,0
                  -0.321234,39.375331,0
                  -0.321296,39.375531,0
                  -0.321369,39.375749,0
                  -0.32143,39.375984,0
                  -0.321457,39.376192,0
                  -0.321542,39.376392,0
                  -0.321651,39.376575,0
                  -0.321712,39.376802,0
                  -0.32176,39.377064,0
                  -0.321876,39.377373,0
                  -0.321938,39.377572,0
                  -0.321988,39.377781,0
                  -0.322086,39.377954,0
                  -0.322188,39.378317,0
                  -0.322204,39.378516,0
                  -0.322288,39.378743,0
                  -0.322362,39.378916,0
                  -0.322436,39.379106,0
                  -0.322522,39.379307,0
                  -0.322605,39.379552,0
                  -0.322657,39.379724,0
                  -0.32273,39.379933,0
                  -0.322815,39.380142,0
                  -0.322877,39.380333,0
                  -0.32295,39.380542,0
                  -0.323013,39.380732,0
                  -0.323094,39.381022,0
                  -0.323191,39.381241,0
                  -0.323264,39.381432,0
                  -0.323349,39.381641,0
                  -0.323455,39.381923,0
                  -0.323562,39.382159,0
                  -0.323635,39.382377,0
                  -0.323718,39.382631,0
                  -0.323813,39.382877,0
                  -0.323909,39.383104,0
                  -0.324002,39.383386,0
                  -0.324064,39.383603,0
                  -0.324169,39.383894,0
                  -0.32423,39.384121,0
                  -0.324301,39.384383,0
                  -0.324383,39.384656,0
                  -0.324469,39.384847,0
                  -0.324531,39.385046,0
                  -0.324591,39.385309,0
                  -0.324674,39.385563,0
                  -0.32473,39.3856,0
                  -0.324788,39.385611,0
                  -0.324871,39.385865,0
                  -0.324955,39.386092,0
                  -0.325061,39.386356,0
                  -0.325145,39.386601,0
                  -0.325218,39.386819,0
                  -0.325267,39.387054,0
                  -0.325305,39.387271,0
                  -0.325367,39.387462,0
                  -0.325438,39.387734,0
                  -0.325498,39.387987,0
                  -0.32557,39.388232,0
                  -0.325607,39.388485,0
                  -0.325645,39.388693,0
                  -0.325669,39.388973,0
                  -0.32572,39.389182,0
                  -0.325813,39.389472,0
                  -0.325873,39.389717,0
                  -0.325945,39.389962,0
                  -0.326017,39.390197,0
                  -0.326124,39.390434,0
                  -0.326208,39.390679,0
                  -0.32628,39.390915,0
                  -0.326352,39.391151,0
                  -0.326414,39.391351,0
                  -0.326507,39.39165,0
                  -0.326558,39.391858,0
                  -0.326604,39.392166,0
                  -0.326652,39.392419,0
                  -0.326747,39.392674,0
                  -0.326818,39.392936,0
                  -0.32687,39.393109,0
                  -0.326939,39.393417,0
                  -0.326997,39.393715,0
                  -0.327057,39.393978,0
                  -0.327119,39.394187,0
                  -0.327223,39.394486,0
                  -0.327307,39.39474,0
                  -0.327368,39.394958,0
                  -0.327449,39.395257,0
                  -0.327509,39.395511,0
                  -0.32757,39.395737,0
                  -0.32764,39.396054,0
                  -0.327691,39.396227,0
                  -0.327774,39.39649,0
                  -0.327824,39.396707,0
                  -0.327881,39.397024,0
                  -0.327942,39.397241,0
                  -0.327992,39.397468,0
                  -0.32805,39.397775,0
                  -0.328108,39.398074,0
                  -0.328124,39.398254,0
                  -0.328183,39.398553,0
                  -0.328278,39.39879,0
                  -0.328349,39.399052,0
                  -0.328431,39.399343,0
                  -0.328547,39.399661,0
                  -0.328609,39.399851,0
                  -0.328737,39.400151,0
                  -0.32882,39.400397,0
                  -0.328893,39.400623,0
                  -0.328986,39.400923,0
                  -0.329056,39.401222,0
                  -0.329128,39.401476,0
                  -0.329142,39.40171,0
                  -0.329225,39.401964,0
                  -0.329298,39.402173,0
                  -0.329403,39.402482,0
                  -0.329477,39.402664,0
                  -0.329593,39.402973,0
                  -0.329709,39.403282,0
                  -0.329803,39.403554,0
                  -0.329862,39.403826,0
                  -0.3299,39.404052,0
                  -0.32994,39.404233,0
                  -0.330032,39.404541,0
                  -0.33009,39.404849,0
                  -0.330183,39.405148,0
                  -0.33029,39.405394,0
                  -0.330362,39.40563,0
                  -0.330412,39.405838,0
                  -0.330472,39.40611,0
                  -0.33053,39.406417,0
                  -0.330576,39.406716,0
                  -0.330627,39.406906,0
                  -0.330696,39.407223,0
                  -0.330789,39.407522,0
                  -0.33086,39.407803,0
                  -0.330919,39.408075,0
                  -0.330957,39.408292,0
                  -0.331038,39.408609,0
                  -0.331111,39.408836,0
                  -0.331149,39.409053,0
                  -0.331228,39.409406,0
                  -0.3313,39.40966,0
                  -0.33134,39.409841,0
                  -0.331432,39.410159,0
                  -0.331513,39.410458,0
                  -0.331541,39.410648,0
                  -0.331622,39.410965,0
                  -0.331715,39.411264,0
                  -0.331774,39.411536,0
                  -0.331802,39.411726,0
                  -0.331847,39.412051,0
                  -0.331881,39.412376,0
                  -0.331929,39.412647,0
                  -0.331989,39.412901,0
                  -0.332039,39.413127,0
                  -0.332119,39.413445,0
                  -0.332203,39.413699,0
                  -0.332264,39.413925,0
                  -0.332356,39.414234,0
                  -0.332428,39.414497,0
                  -0.332466,39.414696,0
                  -0.332536,39.415013,0
                  -0.332564,39.415193,0
                  -0.332644,39.415511,0
                  -0.332726,39.41581,0
                  -0.332819,39.416118,0
                  -0.332912,39.4164,0
                  -0.332974,39.416617,0
                  -0.333015,39.416753,0
                  -0.333033,39.416889,0
                  -0.333073,39.41707,0
                  -0.333143,39.417369,0
                  -0.333182,39.417559,0
                  -0.333218,39.41783,0
                  -0.333245,39.41802,0
                  -0.333282,39.418282,0
                  -0.333321,39.418472,0
                  -0.333336,39.418688,0
                  -0.333362,39.418914,0
                  -0.333385,39.419239,0
                  -0.333407,39.419573,0
                  -0.333406,39.419888,0
                  -0.333407,39.420168,0
                  -0.3334,39.420357,0
                  -0.333377,39.420653,0
                  -0.333449,39.420898,0
                  -0.333476,39.421106,0
                  -0.333441,39.421411,0
                  -0.333365,39.42159,0
                  -0.333195,39.421775,0
                  -0.332948,39.421869,0
                  -0.33283,39.421893,0
                  -0.332762,39.421864,0
                  -0.332713,39.42162,0
                  -0.332646,39.421546,0
                  -0.332547,39.421706,0
                  -0.33257,39.422031,0
                  -0.33257,39.422319,0
                  -0.332523,39.422643,0
                  -0.332566,39.422734,0
                  -0.332625,39.422699,0
                  -0.332657,39.422474,0
                  -0.332714,39.422215,0
                  -0.333017,39.422185,0
                  -0.333283,39.422201,0
                </coordinates>
              </LinearRing>
            </outerBoundaryIs>
          </Polygon>
        </MultiGeometry>
      </Placemark>
      <Placemark>
        <name>Zona Sur (Norte)</name>
        <description><![CDATA[descripción: Parque: Sur<br>Coopera: Norte<br>Parque: Sur<br>Coopera: Norte<br>CaseTypeID: 1104<br>CTypeArea: BMV-SUR2<br>AreaName: Sur (Norte)]]></description>
        <styleUrl>#icon-1899-795548-labelson</styleUrl>
        <ExtendedData>
          <Data name="descripción">
            <value>Parque: Sur
Coopera: Norte</value>
          </Data>
          <Data name="Parque">
            <value>Sur</value>
          </Data>
          <Data name="Coopera">
            <value>Norte</value>
          </Data>
          <Data name="CaseTypeID">
            <value>1104</value>
          </Data>
          <Data name="CTypeArea">
            <value>BMV-SUR2</value>
          </Data>
          <Data name="AreaName">
            <value>Sur (Norte)</value>
          </Data>
        </ExtendedData>
        <MultiGeometry>
          <Point>
            <coordinates>
              -0.34559,39.447725,0
            </coordinates>
          </Point>
          <Polygon>
            <outerBoundaryIs>
              <LinearRing>
                <tessellate>1</tessellate>
                <coordinates>
                  -0.363617,39.436542,0
                  -0.360687,39.436252,0
                  -0.356812,39.43526,0
                  -0.351966,39.433503,0
                  -0.347158,39.431844,0
                  -0.341269,39.429808,0
                  -0.341581,39.428393,0
                  -0.341885,39.427018,0
                  -0.341941,39.426763,0
                  -0.340854,39.426355,0
                  -0.339437,39.425823,0
                  -0.337362,39.425045,0
                  -0.33506,39.42418,0
                  -0.334531,39.423986,0
                  -0.334165,39.423846,0
                  -0.334125,39.423886,0
                  -0.333791,39.423807,0
                  -0.333739,39.42395,0
                  -0.335721,39.424689,0
                  -0.335229,39.426308,0
                  -0.334941,39.426247,0
                  -0.334654,39.426142,0
                  -0.334426,39.426046,0
                  -0.334069,39.425948,0
                  -0.334001,39.425929,0
                  -0.333579,39.425721,0
                  -0.333509,39.425719,0
                  -0.333497,39.425719,0
                  -0.332811,39.425739,0
                  -0.332468,39.425614,0
                  -0.331914,39.425511,0
                  -0.331902,39.425511,0
                  -0.331866,39.425555,0
                  -0.332082,39.425686,0
                  -0.332287,39.42579,0
                  -0.332493,39.425867,0
                  -0.332803,39.425946,0
                  -0.333055,39.426042,0
                  -0.333124,39.426071,0
                  -0.333351,39.42622,0
                  -0.333671,39.426353,0
                  -0.333935,39.426441,0
                  -0.334256,39.426538,0
                  -0.334693,39.426665,0
                  -0.334474,39.426921,0
                  -0.333155,39.426468,0
                  -0.332939,39.426652,0
                  -0.332891,39.426687,0
                  -0.332647,39.42669,0
                  -0.332211,39.426545,0
                  -0.331799,39.426382,0
                  -0.331479,39.426267,0
                  -0.331261,39.426172,0
                  -0.331032,39.426085,0
                  -0.330803,39.426017,0
                  -0.3304,39.425918,0
                  -0.330019,39.425855,0
                  -0.329696,39.425802,0
                  -0.329407,39.425769,0
                  -0.329002,39.425714,0
                  -0.328667,39.425671,0
                  -0.328332,39.425627,0
                  -0.327985,39.425592,0
                  -0.327685,39.42554,0
                  -0.327431,39.425498,0
                  -0.327084,39.425445,0
                  -0.326841,39.425439,0
                  -0.326758,39.425465,0
                  -0.32671,39.425517,0
                  -0.326562,39.42573,0
                  -0.326581,39.425839,0
                  -0.326709,39.425851,0
                  -0.32678,39.425807,0
                  -0.326881,39.425602,0
                  -0.329503,39.425978,0
                  -0.329456,39.426599,0
                  -0.329687,39.426649,0
                  -0.330405,39.426098,0
                  -0.332709,39.426908,0
                  -0.332756,39.428107,0
                  -0.332696,39.42816,0
                  -0.332428,39.428181,0
                  -0.332367,39.427035,0
                  -0.332309,39.427034,0
                  -0.332357,39.428197,0
                  -0.332044,39.428199,0
                  -0.331987,39.426936,0
                  -0.331929,39.426944,0
                  -0.331974,39.428197,0
                  -0.331602,39.428207,0
                  -0.33154,39.426791,0
                  -0.33147,39.426798,0
                  -0.331544,39.428214,0
                  -0.33102,39.428229,0
                  -0.330961,39.426741,0
                  -0.330914,39.426749,0
                  -0.330962,39.428228,0
                  -0.330439,39.428234,0
                  -0.330379,39.426764,0
                  -0.330298,39.426762,0
                  -0.330369,39.428241,0
                  -0.330253,39.428248,0
                  -0.330261,39.428329,0
                  -0.330401,39.428332,0
                  -0.330471,39.429523,0
                  -0.330518,39.429524,0
                  -0.330471,39.428325,0
                  -0.33111,39.428321,0
                  -0.331181,39.429494,0
                  -0.331227,39.429495,0
                  -0.331157,39.428304,0
                  -0.331598,39.428297,0
                  -0.331647,39.42946,0
                  -0.331694,39.429452,0
                  -0.331657,39.428298,0
                  -0.33204,39.428289,0
                  -0.332084,39.429263,0
                  -0.332142,39.429264,0
                  -0.332098,39.42829,0
                  -0.332412,39.428279,0
                  -0.332451,39.429082,0
                  -0.332509,39.429083,0
                  -0.332482,39.428272,0
                  -0.33268,39.428267,0
                  -0.332759,39.428314,0
                  -0.332836,39.429352,0
                  -0.332708,39.429367,0
                  -0.331677,39.429884,0
                  -0.330816,39.429927,0
                  -0.330807,39.429864,0
                  -0.330691,39.429852,0
                  -0.330633,39.429851,0
                  -0.330563,39.429858,0
                  -0.330527,39.429884,0
                  -0.330535,39.429993,0
                  -0.330555,39.430056,0
                  -0.330787,39.430071,0
                  -0.331054,39.430077,0
                  -0.331321,39.430074,0
                  -0.331577,39.430071,0
                  -0.331867,39.430086,0
                  -0.332146,39.430084,0
                  -0.332413,39.430081,0
                  -0.332691,39.430105,0
                  -0.332724,39.430142,0
                  -0.332739,39.430359,0
                  -0.332766,39.430576,0
                  -0.33277,39.430783,0
                  -0.332774,39.430981,0
                  -0.332789,39.431189,0
                  -0.332791,39.431432,0
                  -0.332801,39.431486,0
                  -0.332982,39.431607,0
                  -0.333215,39.431604,0
                  -0.333259,39.431668,0
                  -0.332968,39.431661,0
                  -0.332921,39.431696,0
                  -0.33285,39.431722,0
                  -0.332824,39.431784,0
                  -0.3328,39.431819,0
                  -0.332718,39.431836,0
                  -0.332441,39.431775,0
                  -0.332201,39.431671,0
                  -0.331938,39.431565,0
                  -0.33171,39.431461,0
                  -0.331458,39.431356,0
                  -0.331218,39.431261,0
                  -0.330966,39.431165,0
                  -0.330725,39.431078,0
                  -0.330475,39.430955,0
                  -0.330235,39.430842,0
                  -0.330019,39.430719,0
                  -0.329886,39.430554,0
                  -0.329823,39.430364,0
                  -0.329821,39.430129,0
                  -0.329819,39.429877,0
                  -0.329815,39.429661,0
                  -0.329799,39.429471,0
                  -0.329795,39.429282,0
                  -0.329768,39.429092,0
                  -0.32974,39.428911,0
                  -0.329712,39.428722,0
                  -0.329708,39.428523,0
                  -0.329692,39.428334,0
                  -0.3297,39.428136,0
                  -0.329697,39.427901,0
                  -0.329694,39.427676,0
                  -0.329692,39.427424,0
                  -0.329671,39.427369,0
                  -0.329649,39.427324,0
                  -0.329405,39.427345,0
                  -0.329409,39.427534,0
                  -0.329366,39.42775,0
                  -0.329296,39.427757,0
                  -0.32926,39.427792,0
                  -0.329236,39.427792,0
                  -0.328993,39.427768,0
                  -0.328718,39.427681,0
                  -0.328351,39.427555,0
                  -0.327973,39.42742,0
                  -0.327894,39.427364,0
                  -0.327932,39.427266,0
                  -0.327889,39.427184,0
                  -0.327641,39.427296,0
                  -0.327375,39.427253,0
                  -0.326962,39.427127,0
                  -0.326675,39.42703,0
                  -0.326377,39.426933,0
                  -0.326159,39.426856,0
                  -0.325792,39.426748,0
                  -0.325562,39.426671,0
                  -0.325195,39.426554,0
                  -0.324978,39.426468,0
                  -0.324633,39.426352,0
                  -0.324381,39.426274,0
                  -0.324244,39.426217,0
                  -0.324228,39.426019,0
                  -0.324327,39.425859,0
                  -0.324442,39.4256,0
                  -0.324566,39.425396,0
                  -0.324665,39.425227,0
                  -0.324814,39.424978,0
                  -0.324995,39.424793,0
                  -0.325209,39.424681,0
                  -0.325268,39.424637,0
                  -0.325282,39.424584,0
                  -0.325103,39.424417,0
                  -0.324866,39.424538,0
                  -0.324653,39.424641,0
                  -0.324469,39.424889,0
                  -0.324369,39.425076,0
                  -0.324269,39.425254,0
                  -0.324181,39.425423,0
                  -0.324057,39.425636,0
                  -0.323862,39.425866,0
                  -0.32365,39.425942,0
                  -0.323408,39.42591,0
                  -0.322984,39.425747,0
                  -0.322731,39.425669,0
                  -0.322421,39.425581,0
                  -0.322076,39.425501,0
                  -0.321824,39.425405,0
                  -0.321606,39.425328,0
                  -0.321331,39.42524,0
                  -0.321032,39.425152,0
                  -0.320826,39.425075,0
                  -0.320609,39.424989,0
                  -0.320322,39.424902,0
                  -0.320069,39.424824,0
                  -0.319839,39.424755,0
                  -0.319587,39.424659,0
                  -0.319335,39.424581,0
                  -0.319071,39.424494,0
                  -0.318819,39.424416,0
                  -0.318555,39.42432,0
                  -0.318279,39.424242,0
                  -0.318062,39.424165,0
                  -0.317832,39.424087,0
                  -0.317546,39.423991,0
                  -0.317259,39.423894,0
                  -0.317041,39.423817,0
                  -0.31664,39.423681,0
                  -0.316261,39.423564,0
                  -0.315985,39.423486,0
                  -0.315688,39.423362,0
                  -0.315332,39.423255,0
                  -0.315056,39.423176,0
                  -0.314782,39.423071,0
                  -0.314496,39.422947,0
                  -0.314291,39.422834,0
                  -0.314222,39.422815,0
                  -0.313933,39.42279,0
                  -0.313561,39.42279,0
                  -0.313328,39.422803,0
                  -0.313105,39.422861,0
                  -0.312834,39.422972,0
                  -0.312774,39.423024,0
                  -0.312593,39.4232,0
                  -0.312457,39.423422,0
                  -0.312368,39.4236,0
                  -0.312256,39.423805,0
                  -0.312145,39.423974,0
                  -0.312033,39.424178,0
                  -0.311921,39.424365,0
                  -0.311809,39.424551,0
                  -0.311684,39.424783,0
                  -0.311596,39.42497,0
                  -0.311483,39.425165,0
                  -0.311384,39.425334,0
                  -0.311307,39.425531,0
                  -0.31123,39.425709,0
                  -0.311119,39.425896,0
                  -0.310972,39.42609,0
                  -0.310848,39.426286,0
                  -0.310734,39.426535,0
                  -0.310646,39.426713,0
                  -0.310499,39.426908,0
                  -0.310508,39.426962,0
                  -0.310587,39.427036,0
                  -0.310584,39.427099,0
                  -0.31051,39.427206,0
                  -0.310399,39.427383,0
                  -0.31031,39.427579,0
                  -0.31021,39.427775,0
                  -0.310096,39.428025,0
                  -0.310093,39.428088,0
                  -0.310136,39.42817,0
                  -0.310216,39.428217,0
                  -0.310296,39.428246,0
                  -0.310366,39.428238,0
                  -0.310603,39.428127,0
                  -0.310664,39.428056,0
                  -0.310777,39.427833,0
                  -0.310876,39.427656,0
                  -0.310965,39.427468,0
                  -0.311102,39.427237,0
                  -0.311238,39.427006,0
                  -0.311338,39.426819,0
                  -0.311426,39.42665,0
                  -0.311541,39.426392,0
                  -0.311654,39.42616,0
                  -0.311766,39.425965,0
                  -0.311917,39.42568,0
                  -0.31204,39.425485,0
                  -0.312177,39.425244,0
                  -0.31229,39.42504,0
                  -0.312392,39.424799,0
                  -0.312506,39.424549,0
                  -0.312641,39.424354,0
                  -0.312755,39.424132,0
                  -0.312879,39.423927,0
                  -0.313002,39.423732,0
                  -0.313159,39.423592,0
                  -0.313373,39.423462,0
                  -0.313513,39.423438,0
                  -0.313887,39.423365,0
                  -0.314133,39.423317,0
                  -0.314469,39.423343,0
                  -0.314711,39.423402,0
                  -0.314929,39.423471,0
                  -0.315147,39.423548,0
                  -0.315421,39.423653,0
                  -0.315708,39.423741,0
                  -0.316007,39.42382,0
                  -0.316306,39.423917,0
                  -0.316558,39.423995,0
                  -0.316879,39.424101,0
                  -0.317326,39.424256,0
                  -0.317693,39.424381,0
                  -0.318072,39.424489,0
                  -0.318302,39.424567,0
                  -0.318554,39.424653,0
                  -0.318783,39.424731,0
                  -0.319093,39.424819,0
                  -0.319473,39.424927,0
                  -0.319713,39.425014,0
                  -0.32,39.425119,0
                  -0.320263,39.425206,0
                  -0.320481,39.425284,0
                  -0.32086,39.425391,0
                  -0.321182,39.425489,0
                  -0.321423,39.425558,0
                  -0.321687,39.425636,0
                  -0.322066,39.425753,0
                  -0.322433,39.425887,0
                  -0.322674,39.425965,0
                  -0.322926,39.426043,0
                  -0.323223,39.426167,0
                  -0.323464,39.426253,0
                  -0.323682,39.426321,0
                  -0.323992,39.42641,0
                  -0.324233,39.426487,0
                  -0.324613,39.426595,0
                  -0.324842,39.426672,0
                  -0.325095,39.426741,0
                  -0.325382,39.426829,0
                  -0.325634,39.426916,0
                  -0.326001,39.427051,0
                  -0.326321,39.427175,0
                  -0.326596,39.427271,0
                  -0.327021,39.427398,0
                  -0.327285,39.427495,0
                  -0.327453,39.427652,0
                  -0.327539,39.427834,0
                  -0.327657,39.428098,0
                  -0.327765,39.428298,0
                  -0.32794,39.428582,0
                  -0.328037,39.428791,0
                  -0.328132,39.429018,0
                  -0.32825,39.429273,0
                  -0.328413,39.429583,0
                  -0.32851,39.429775,0
                  -0.328628,39.43003,0
                  -0.328767,39.430348,0
                  -0.328975,39.430677,0
                  -0.329129,39.430906,0
                  -0.329251,39.431053,0
                  -0.329393,39.431291,0
                  -0.329456,39.431472,0
                  -0.329514,39.431762,0
                  -0.329433,39.432075,0
                  -0.329331,39.432307,0
                  -0.329096,39.432383,0
                  -0.328747,39.432393,0
                  -0.328421,39.432394,0
                  -0.328166,39.432379,0
                  -0.327726,39.43236,0
                  -0.327401,39.432335,0
                  -0.327158,39.43232,0
                  -0.32674,39.43231,0
                  -0.326416,39.432276,0
                  -0.326172,39.432279,0
                  -0.325871,39.432254,0
                  -0.325572,39.432166,0
                  -0.325434,39.432136,0
                  -0.325375,39.432153,0
                  -0.325362,39.432198,0
                  -0.325395,39.432243,0
                  -0.325613,39.432321,0
                  -0.326026,39.432456,0
                  -0.326347,39.432563,0
                  -0.326611,39.43265,0
                  -0.326955,39.432775,0
                  -0.327242,39.432863,0
                  -0.32754,39.43296,0
                  -0.327896,39.433076,0
                  -0.328183,39.433164,0
                  -0.328389,39.433231,0
                  -0.328711,39.433338,0
                  -0.328975,39.433416,0
                  -0.329124,39.433464,0
                  -0.32899,39.433624,0
                  -0.329162,39.433691,0
                  -0.329354,39.433524,0
                  -0.329377,39.433533,0
                  -0.329745,39.433641,0
                  -0.329753,39.433731,0
                  -0.329808,39.433805,0
                  -0.329854,39.433824,0
                  -0.329958,39.433826,0
                  -0.330064,39.433783,0
                  -0.330101,39.433748,0
                  -0.330387,39.433854,0
                  -0.330673,39.433969,0
                  -0.330948,39.434065,0
                  -0.331258,39.434171,0
                  -0.331557,39.43425,0
                  -0.331868,39.43432,0
                  -0.332168,39.434363,0
                  -0.332227,39.434356,0
                  -0.332505,39.434371,0
                  -0.332828,39.434415,0
                  -0.332826,39.434478,0
                  -0.332834,39.434568,0
                  -0.332831,39.434649,0
                  -0.332873,39.434758,0
                  -0.332929,39.434813,0
                  -0.332985,39.434878,0
                  -0.333407,39.435094,0
                  -0.333477,39.435078,0
                  -0.333513,39.435043,0
                  -0.333551,39.434963,0
                  -0.333495,39.434907,0
                  -0.333414,39.434887,0
                  -0.333255,39.434812,0
                  -0.333176,39.434756,0
                  -0.333143,39.434683,0
                  -0.333157,39.433719,0
                  -0.334426,39.433659,0
                  -0.334402,39.433973,0
                  -0.333671,39.433947,0
                  -0.333643,39.434082,0
                  -0.333666,39.434092,0
                  -0.334374,39.434108,0
                  -0.334364,39.434369,0
                  -0.333784,39.434337,0
                  -0.333715,39.434318,0
                  -0.333646,39.434298,0
                  -0.333575,39.434324,0
                  -0.333549,39.434395,0
                  -0.333559,39.43444,0
                  -0.333581,39.434477,0
                  -0.333639,39.434487,0
                  -0.334334,39.434548,0
                  -0.334153,39.436535,0
                  -0.3323,39.435772,0
                  -0.332391,39.435513,0
                  -0.332474,39.435469,0
                  -0.332524,39.435398,0
                  -0.332515,39.435317,0
                  -0.332471,39.435262,0
                  -0.332332,39.435232,0
                  -0.332146,39.435552,0
                  -0.332095,39.435668,0
                  -0.331995,39.435855,0
                  -0.331849,39.436041,0
                  -0.331738,39.4362,0
                  -0.331615,39.436386,0
                  -0.331525,39.436592,0
                  -0.331448,39.436788,0
                  -0.331322,39.437037,0
                  -0.331174,39.437268,0
                  -0.331064,39.437428,0
                  -0.330963,39.437615,0
                  -0.330862,39.437829,0
                  -0.330785,39.438025,0
                  -0.33072,39.438213,0
                  -0.330654,39.438409,0
                  -0.330577,39.438615,0
                  -0.330451,39.438855,0
                  -0.330315,39.439068,0
                  -0.330145,39.43928,0
                  -0.330118,39.439361,0
                  -0.330104,39.439424,0
                  -0.330055,39.439486,0
                  -0.329955,39.439672,0
                  -0.329885,39.439689,0
                  -0.329849,39.439724,0
                  -0.329809,39.43984,0
                  -0.329763,39.43983,0
                  -0.329652,39.440008,0
                  -0.32958,39.44006,0
                  -0.329555,39.440105,0
                  -0.329436,39.440192,0
                  -0.329352,39.440253,0
                  -0.329221,39.440331,0
                  -0.328949,39.440469,0
                  -0.328724,39.440572,0
                  -0.328464,39.440692,0
                  -0.32818,39.44083,0
                  -0.32793,39.440977,0
                  -0.327657,39.441124,0
                  -0.327384,39.44128,0
                  -0.327123,39.441418,0
                  -0.326863,39.441547,0
                  -0.326638,39.441659,0
                  -0.326364,39.441833,0
                  -0.326173,39.441972,0
                  -0.325598,39.442419,0
                  -0.325584,39.442472,0
                  -0.325593,39.442545,0
                  -0.325637,39.4426,0
                  -0.325751,39.442665,0
                  -0.325969,39.442742,0
                  -0.326244,39.442839,0
                  -0.326301,39.442876,0
                  -0.326439,39.442915,0
                  -0.32669,39.443029,0
                  -0.326941,39.443152,0
                  -0.327191,39.443293,0
                  -0.327439,39.443479,0
                  -0.327608,39.443618,0
                  -0.32781,39.443812,0
                  -0.327978,39.443987,0
                  -0.328144,39.444189,0
                  -0.328265,39.444372,0
                  -0.328295,39.444425,0
                  -0.327294,39.444806,0
                  -0.327208,39.444681,0
                  -0.327052,39.444488,0
                  -0.326897,39.444295,0
                  -0.326671,39.444119,0
                  -0.326502,39.44398,0
                  -0.326287,39.443831,0
                  -0.326047,39.443726,0
                  -0.325796,39.443612,0
                  -0.325509,39.443516,0
                  -0.324982,39.443332,0
                  -0.320311,39.441819,0
                  -0.320254,39.4418,0
                  -0.319988,39.441766,0
                  -0.319894,39.441791,0
                  -0.319695,39.441841,0
                  -0.319572,39.442009,0
                  -0.319535,39.442062,0
                  -0.318835,39.443343,0
                  -0.316616,39.443337,0
                  -0.316622,39.443481,0
                  -0.317668,39.443478,0
                  -0.317574,39.44381,0
                  -0.317505,39.443799,0
                  -0.317463,39.443987,0
                  -0.31774,39.44403,0
                  -0.317805,39.443851,0
                  -0.317689,39.443848,0
                  -0.317796,39.443472,0
                  -0.318609,39.443482,0
                  -0.318649,39.443645,0
                  -0.318639,39.443906,0
                  -0.318538,39.444129,0
                  -0.324989,39.44617,0
                  -0.325589,39.449625,0
                  -0.325309,39.449655,0
                  -0.325209,39.449851,0
                  -0.321478,39.448666,0
                  -0.321615,39.448417,0
                  -0.321339,39.448338,0
                  -0.320513,39.449878,0
                  -0.323509,39.450839,0
                  -0.323408,39.451062,0
                  -0.326151,39.451945,0
                  -0.326204,39.452081,0
                  -0.326106,39.452214,0
                  -0.326037,39.452194,0
                  -0.325949,39.452372,0
                  -0.326029,39.452401,0
                  -0.325905,39.452597,0
                  -0.325549,39.452489,0
                  -0.325515,39.452462,0
                  -0.325502,39.452506,0
                  -0.325466,39.45255,0
                  -0.325511,39.45257,0
                  -0.325361,39.452863,0
                  -0.325406,39.452891,0
                  -0.325258,39.453122,0
                  -0.32385,39.452873,0
                  -0.323822,39.45299,0
                  -0.324168,39.453052,0
                  -0.324068,39.45323,0
                  -0.323803,39.453188,0
                  -0.323726,39.453366,0
                  -0.323109,39.453388,0
                  -0.323062,39.453423,0
                  -0.322747,39.454055,0
                  -0.326834,39.455348,0
                  -0.326771,39.45549,0
                  -0.326941,39.455593,0
                  -0.325627,39.456833,0
                  -0.325577,39.456913,0
                  -0.325529,39.456975,0
                  -0.325515,39.457029,0
                  -0.325501,39.457083,0
                  -0.325499,39.457146,0
                  -0.32552,39.4572,0
                  -0.325541,39.457264,0
                  -0.325562,39.457318,0
                  -0.325606,39.457382,0
                  -0.325662,39.457429,0
                  -0.325719,39.457475,0
                  -0.325787,39.457504,0
                  -0.325856,39.457523,0
                  -0.325948,39.457543,0
                  -0.326041,39.457555,0
                  -0.326111,39.457556,0
                  -0.326204,39.457549,0
                  -0.326286,39.457524,0
                  -0.326345,39.457508,0
                  -0.326404,39.457473,0
                  -0.326441,39.457438,0
                  -0.326548,39.45735,0
                  -0.327973,39.45596,0
                  -0.329656,39.456917,0
                  -0.330223,39.457588,0
                  -0.329986,39.457709,0
                  -0.330785,39.458691,0
                  -0.330536,39.458829,0
                  -0.331347,39.459803,0
                  -0.331111,39.459906,0
                  -0.331056,39.460121,0
                  -0.331249,39.460251,0
                  -0.331318,39.460253,0
                  -0.332651,39.460442,0
                  -0.333363,39.460358,0
                  -0.335297,39.460902,0
                  -0.337955,39.461595,0
                  -0.338591,39.461943,0
                  -0.338762,39.461794,0
                  -0.340158,39.462209,0
                  -0.341475,39.462601,0
                  -0.343679,39.463257,0
                  -0.346235,39.464018,0
                  -0.347607,39.464426,0
                  -0.348635,39.464732,0
                  -0.349933,39.465118,0
                  -0.351225,39.465502,0
                  -0.351664,39.465633,0
                  -0.353206,39.466092,0
                  -0.355107,39.466658,0
                  -0.356696,39.46713,0
                  -0.358387,39.467635,0
                  -0.360363,39.468227,0
                  -0.360716,39.468651,0
                  -0.361373,39.469439,0
                  -0.362133,39.470352,0
                  -0.362719,39.470322,0
                  -0.363765,39.470269,0
                  -0.365154,39.470198,0
                  -0.366134,39.47077,0
                  -0.367008,39.471281,0
                  -0.367873,39.471786,0
                  -0.368552,39.471922,0
                  -0.36923,39.4713,0
                  -0.370355,39.47027,0
                  -0.373826,39.470399,0
                  -0.37537,39.470392,0
                  -0.375811,39.470377,0
                  -0.376184,39.471001,0
                  -0.376374,39.471371,0
                  -0.37652,39.472322,0
                  -0.376405,39.472552,0
                  -0.37653,39.472659,0
                  -0.376756,39.472363,0
                  -0.376769,39.470592,0
                  -0.376823,39.469312,0
                  -0.377037,39.467695,0
                  -0.376986,39.46732,0
                  -0.376868,39.466397,0
                  -0.372797,39.460911,0
                  -0.372019,39.459758,0
                  -0.371496,39.458904,0
                  -0.371397,39.458609,0
                  -0.371501,39.458199,0
                  -0.371524,39.457992,0
                  -0.368379,39.457969,0
                  -0.36676,39.455177,0
                  -0.367151,39.454996,0
                  -0.369422,39.454015,0
                  -0.369363,39.453899,0
                  -0.369126,39.453426,0
                  -0.368496,39.452543,0
                  -0.369052,39.452325,0
                  -0.36779,39.450618,0
                  -0.366697,39.448791,0
                  -0.365852,39.447632,0
                  -0.36584,39.44711,0
                  -0.362834,39.44524,0
                  -0.3628,39.442594,0
                  -0.362291,39.442385,0
                  -0.362359,39.440585,0
                  -0.363588,39.438811,0
                  -0.363617,39.436542,0
                </coordinates>
              </LinearRing>
            </outerBoundaryIs>
          </Polygon>
        </MultiGeometry>
      </Placemark>
      <Placemark>
        <name>Zona Sur (Oeste)</name>
        <description><![CDATA[descripción: Parque: Sur<br>Coopera: Oeste<br>Parque: Sur<br>Coopera: Oeste<br>CaseTypeID: 1104<br>CTypeArea: BMV-SUR3<br>AreaName: Sur (Oeste)]]></description>
        <styleUrl>#icon-1899-795548-labelson</styleUrl>
        <ExtendedData>
          <Data name="descripción">
            <value>Parque: Sur
Coopera: Oeste</value>
          </Data>
          <Data name="Parque">
            <value>Sur</value>
          </Data>
          <Data name="Coopera">
            <value>Oeste</value>
          </Data>
          <Data name="CaseTypeID">
            <value>1104</value>
          </Data>
          <Data name="CTypeArea">
            <value>BMV-SUR3</value>
          </Data>
          <Data name="AreaName">
            <value>Sur (Oeste)</value>
          </Data>
        </ExtendedData>
        <MultiGeometry>
          <Point>
            <coordinates>
              -0.380251,39.445885,0
            </coordinates>
          </Point>
          <Polygon>
            <outerBoundaryIs>
              <LinearRing>
                <tessellate>1</tessellate>
                <coordinates>
                  -0.36584,39.44711,0
                  -0.365852,39.447632,0
                  -0.366697,39.448791,0
                  -0.36779,39.450618,0
                  -0.369052,39.452325,0
                  -0.368496,39.452543,0
                  -0.369126,39.453426,0
                  -0.369363,39.453899,0
                  -0.369422,39.454015,0
                  -0.367151,39.454996,0
                  -0.36676,39.455177,0
                  -0.368379,39.457969,0
                  -0.371524,39.457992,0
                  -0.371501,39.458199,0
                  -0.371397,39.458609,0
                  -0.371496,39.458904,0
                  -0.372019,39.459758,0
                  -0.372797,39.460911,0
                  -0.376868,39.466397,0
                  -0.376986,39.46732,0
                  -0.377037,39.467695,0
                  -0.376823,39.469312,0
                  -0.376769,39.470592,0
                  -0.376756,39.472363,0
                  -0.381601,39.466007,0
                  -0.384428,39.453766,0
                  -0.384573,39.453039,0
                  -0.384864,39.451537,0
                  -0.385276,39.449623,0
                  -0.385978,39.447346,0
                  -0.386196,39.446692,0
                  -0.386365,39.446426,0
                  -0.392145,39.44779,0
                  -0.394786,39.449759,0
                  -0.395925,39.448199,0
                  -0.39746,39.443178,0
                  -0.398519,39.44166,0
                  -0.395339,39.440132,0
                  -0.402411,39.429853,0
                  -0.401924,39.427999,0
                  -0.401553,39.427973,0
                  -0.400729,39.427946,0
                  -0.400214,39.42806,0
                  -0.39892,39.428482,0
                  -0.39728,39.42885,0
                  -0.396744,39.428901,0
                  -0.39639,39.428731,0
                  -0.395366,39.427853,0
                  -0.394697,39.427423,0
                  -0.394123,39.427239,0
                  -0.39381,39.427223,0
                  -0.392382,39.427182,0
                  -0.391331,39.427032,0
                  -0.391088,39.427,0
                  -0.389485,39.430432,0
                  -0.388235,39.433089,0
                  -0.385039,39.431873,0
                  -0.383731,39.43115,0
                  -0.381369,39.429988,0
                  -0.380238,39.429179,0
                  -0.380182,39.429124,0
                  -0.379395,39.428439,0
                  -0.378305,39.427757,0
                  -0.377789,39.427583,0
                  -0.374987,39.427034,0
                  -0.374027,39.426913,0
                  -0.373279,39.426725,0
                  -0.372325,39.426353,0
                  -0.372226,39.426314,0
                  -0.371767,39.42615,0
                  -0.371439,39.425918,0
                  -0.371262,39.425688,0
                  -0.371214,39.425417,0
                  -0.371507,39.423811,0
                  -0.36529,39.421112,0
                  -0.364515,39.420707,0
                  -0.364277,39.42026,0
                  -0.364107,39.420139,0
                  -0.362516,39.419526,0
                  -0.362021,39.419407,0
                  -0.360777,39.41973,0
                  -0.359644,39.419912,0
                  -0.356798,39.419613,0
                  -0.355412,39.420626,0
                  -0.354198,39.421391,0
                  -0.353357,39.421823,0
                  -0.351399,39.421994,0
                  -0.351295,39.422001,0
                  -0.350665,39.422059,0
                  -0.349943,39.422123,0
                  -0.349167,39.422,0
                  -0.34619,39.421356,0
                  -0.344741,39.421202,0
                  -0.343598,39.421152,0
                  -0.342135,39.421128,0
                  -0.342366,39.422534,0
                  -0.342258,39.42366,0
                  -0.342171,39.424558,0
                  -0.341974,39.426613,0
                  -0.341941,39.426763,0
                  -0.341885,39.427018,0
                  -0.341691,39.427896,0
                  -0.355301,39.432737,0
                  -0.360512,39.434307,0
                  -0.364403,39.435128,0
                  -0.368257,39.435449,0
                  -0.370268,39.435476,0
                  -0.370197,39.436078,0
                  -0.370077,39.437014,0
                  -0.368198,39.436906,0
                  -0.365747,39.436754,0
                  -0.363617,39.436542,0
                  -0.363588,39.438811,0
                  -0.362359,39.440585,0
                  -0.362291,39.442385,0
                  -0.3628,39.442594,0
                  -0.362834,39.44524,0
                  -0.36584,39.44711,0
                </coordinates>
              </LinearRing>
            </outerBoundaryIs>
          </Polygon>
        </MultiGeometry>
      </Placemark>
      <Placemark>
        <name>Zona Sur (El Saler)</name>
        <description><![CDATA[descripción: Parque: Sur<br>Coopera: Saler<br>Parque: Sur<br>Coopera: Saler<br>CaseTypeID: 1104<br>CTypeArea: BMV-SUR1<br>AreaName: Sur (El Saler)]]></description>
        <styleUrl>#icon-1899-795548-labelson</styleUrl>
        <ExtendedData>
          <Data name="descripción">
            <value>Parque: Sur
Coopera: Saler</value>
          </Data>
          <Data name="Parque">
            <value>Sur</value>
          </Data>
          <Data name="Coopera">
            <value>Saler</value>
          </Data>
          <Data name="CaseTypeID">
            <value>1104</value>
          </Data>
          <Data name="CTypeArea">
            <value>BMV-SUR1</value>
          </Data>
          <Data name="AreaName">
            <value>Sur (El Saler)</value>
          </Data>
        </ExtendedData>
        <MultiGeometry>
          <Point>
            <coordinates>
              -0.351719,39.432455,0
            </coordinates>
          </Point>
          <Polygon>
            <outerBoundaryIs>
              <LinearRing>
                <tessellate>1</tessellate>
                <coordinates>
                  -0.341691,39.427896,0
                  -0.341581,39.428393,0
                  -0.341269,39.429808,0
                  -0.347158,39.431844,0
                  -0.351966,39.433503,0
                  -0.356812,39.43526,0
                  -0.360687,39.436252,0
                  -0.365747,39.436754,0
                  -0.368198,39.436906,0
                  -0.370077,39.437014,0
                  -0.370197,39.436078,0
                  -0.370268,39.435476,0
                  -0.368257,39.435449,0
                  -0.364403,39.435128,0
                  -0.360512,39.434307,0
                  -0.355301,39.432737,0
                  -0.341691,39.427896,0
                </coordinates>
              </LinearRing>
            </outerBoundaryIs>
          </Polygon>
        </MultiGeometry>
      </Placemark>
    </Folder>
    <Folder>
      <name>Parques de Bomberos</name>
      <Placemark>
        <name>Parc de Bombers Central</name>
        <styleUrl>#icon-1899-A52714-labelson-nodesc</styleUrl>
        <Point>
          <coordinates>
            -0.367623500000036,39.4544815,0
          </coordinates>
        </Point>
      </Placemark>
      <Placemark>
        <name>Parc de Bombers Nord
</name>
        <styleUrl>#icon-1899-097138-labelson-nodesc</styleUrl>
        <Point>
          <coordinates>
            -0.353950299999951,39.4817322,0
          </coordinates>
        </Point>
      </Placemark>
      <Placemark>
        <name>Parc de Bombers Campanar</name>
        <styleUrl>#icon-1899-1A237E-labelson-nodesc</styleUrl>
        <Point>
          <coordinates>
            -0.406080400000064,39.482975,0
          </coordinates>
        </Point>
      </Placemark>
      <Placemark>
        <name>Parc de Bombers Centre Històric
</name>
        <styleUrl>#icon-1899-757575-labelson-nodesc</styleUrl>
        <Point>
          <coordinates>
            -0.380257000000029,39.4770068,0
          </coordinates>
        </Point>
      </Placemark>
      <Placemark>
        <name>Parc de Bombers de la Devesa del Saler</name>
        <styleUrl>#icon-1899-7CB342-labelson-nodesc</styleUrl>
        <Point>
          <coordinates>
            -0.327618400000006,39.3605983,0
          </coordinates>
        </Point>
      </Placemark>
      <Placemark>
        <name>Parc de Bombers Oest</name>
        <styleUrl>#icon-1899-0288D1-labelson-nodesc</styleUrl>
        <Point>
          <coordinates>
            -0.4038275,39.4669944,0
          </coordinates>
        </Point>
      </Placemark>
    </Folder>
  </Document>
</kml>
